data,a,b,c,d,e,f
,20,36,39,41,72,76
,2,4,25,29,30,52
,1,2,14,23,78,88
,5,22,34,61,62,77
,10,65,77,80,81,86
,3,27,48,58,78,90
,13,59,63,75,85,87
,8,26,35,43,55,67
,34,36,71,76,86,89
,2,29,36,72,82,90
,20,23,24,29,66,73
,24,33,37,40,60,86
,16,37,49,52,53,82
,29,37,49,51,55,74
,22,25,26,49,59,85
,3,4,39,43,56,81
,2,3,49,51,63,79
,6,13,26,33,34,78
,18,23,24,35,48,82
,8,9,23,34,64,89
,2,15,63,65,68,78
,37,40,46,51,58,66
,10,12,29,41,45,50
,4,19,47,60,73,84
,1,27,40,81,82,85
,13,68,75,79,87,88
,28,36,59,79,84,88
,2,12,57,62,64,71
,3,23,25,44,74,89
,16,33,42,86,88,89
,1,5,17,38,61,71
,17,30,38,51,77,80
,5,6,17,55,62,73
,16,40,50,58,62,63
,17,31,42,43,55,72
,1,7,21,49,84,87
,4,7,22,27,39,88
,23,58,64,67,79,81
,4,5,46,47,73,82
,17,38,47,56,76,85
,5,22,40,46,86,87
,18,36,62,63,76,80
,15,23,27,29,50,69
,6,12,23,28,77,79
,5,28,33,64,81,84
,5,19,43,44,73,77
,6,15,41,57,81,83
,7,19,25,68,71,85
,5,13,22,25,43,50
,7,12,24,37,58,81
,36,48,56,65,71,73
,4,11,29,34,86,88
,48,50,80,81,84,87
,13,18,22,56,67,72
,5,14,17,38,64,68
,13,26,30,34,83,86
,10,16,35,39,64,65
,20,24,39,63,65,70
,19,43,59,60,67,79
,2,16,38,40,44,57
,25,33,37,47,48,79
,29,42,49,52,53,67
,5,20,24,48,78,80
,15,16,17,57,60,63
,12,32,48,68,70,85
,1,36,42,71,72,88
,56,71,75,78,81,85
,25,37,54,63,70,76
,25,60,62,68,83,89
,5,14,37,38,50,72
,7,24,40,56,79,85
,12,27,31,32,57,83
,31,33,61,77,86,88
,4,47,53,55,71,73
,6,15,16,50,62,82
,10,36,48,63,83,90
,10,40,66,72,76,80
,12,19,22,53,72,88
,1,43,45,48,83,90
,15,16,20,23,24,87
,10,25,56,68,71,77
,14,37,48,55,84,87
,22,26,29,37,75,76
,3,33,45,57,78,80
,7,9,31,41,67,68
,28,31,40,67,74,90
,20,34,44,61,74,87
,2,9,13,34,46,63
,6,13,17,49,51,83
,42,43,46,49,52,76
,15,28,42,55,76,88
,10,13,50,59,64,78
,14,39,50,56,72,89
,4,26,27,74,77,84
,37,60,64,73,80,84
,1,21,30,61,73,84
,6,54,72,75,81,87
,15,19,25,33,40,68
,19,38,60,80,81,90
,6,31,69,70,76,85
,12,18,43,47,50,83
,32,36,43,56,66,89
,32,39,52,56,69,85
,12,15,40,50,66,88
,9,23,36,66,67,77
,27,35,47,48,59,79
,1,11,42,43,61,81
,9,37,39,40,42,86
,22,43,56,71,77,83
,3,6,13,28,49,50
,3,9,14,26,47,79
,14,43,46,65,71,82
,30,36,45,49,63,89
,10,12,54,58,72,88
,34,43,44,45,53,58
,1,6,13,23,53,77
,18,23,45,51,61,86
,7,9,12,37,86,90
,1,43,45,48,51,56
,36,45,46,47,74,75
,8,48,65,72,83,88
,14,20,40,58,68,84
,45,67,70,80,81,89
,9,10,26,30,44,54
,4,8,12,17,19,80
,12,20,23,34,67,87
,24,45,49,63,78,83
,4,26,59,63,69,74
,17,19,32,41,52,87
,6,7,42,55,75,88
,40,41,51,62,66,80
,27,41,44,50,68,73
,11,20,56,69,72,76
,6,18,20,34,72,90
,3,7,14,45,68,70
,43,71,80,84,88,89
,4,26,34,61,76,81
,7,18,27,80,81,83
,25,60,64,71,75,85
,33,41,47,48,60,80
,13,27,40,46,70,84
,4,11,14,17,25,32
,34,63,70,77,83,90
,4,6,25,32,73,83
,20,53,55,61,64,74
,20,22,33,44,50,74
,1,51,53,55,73,86
,8,49,50,65,66,69
,3,10,28,71,81,88
,11,14,15,30,68,81
,3,7,10,37,57,86
,7,33,54,72,73,90
,10,23,35,64,74,90
,3,28,38,43,73,75
,3,4,13,16,59,70
,10,34,44,49,62,79
,2,16,17,65,69,72
,9,36,52,76,77,90
,16,32,35,45,72,77
,32,35,57,74,79,84
,5,20,29,41,56,86
,13,23,31,58,67,68
,31,36,37,71,86,90
,8,19,23,37,65,77
,13,22,44,74,77,87
,3,6,7,53,65,90
,38,46,63,82,83,87
,1,4,42,67,75,77
,4,48,60,63,84,88
,5,22,35,38,74,82
,11,19,26,58,67,89
,13,16,23,52,67,78
,13,64,68,84,89,90
,5,34,44,73,77,83
,12,23,46,54,78,90
,4,16,29,58,69,88
,10,19,24,29,42,67
,45,64,73,80,81,85
,13,16,51,56,65,67
,1,32,37,63,67,69
,1,25,28,39,51,89
,7,12,14,16,24,45
,5,19,26,32,67,87
,38,40,41,69,76,81
,15,38,48,74,75,80
,25,40,57,59,76,82
,17,20,27,29,72,73
,12,15,33,60,79,88
,1,11,40,50,53,80
,6,27,37,38,47,79
,4,16,27,55,67,72
,6,10,38,48,49,65
,38,58,61,64,82,87
,12,35,40,59,78,80
,6,24,30,34,37,71
,3,35,45,47,54,70
,22,26,58,60,67,88
,24,46,57,73,79,81
,6,25,34,72,76,82
,16,21,29,39,70,90
,19,42,64,68,72,86
,6,7,37,67,80,87
,21,45,55,61,73,80
,3,23,61,82,83,88
,6,51,73,78,80,81
,20,31,45,62,76,81
,12,16,24,48,53,58
,14,20,57,79,85,88
,1,13,24,39,44,45
,13,39,62,63,66,76
,20,32,37,44,75,88
,6,27,50,57,77,80
,18,21,28,35,41,85
,13,42,57,61,63,82
,6,9,32,47,59,60
,20,21,63,71,75,79
,14,15,20,42,70,88
,17,38,48,51,55,62
,2,13,31,37,38,82
,6,15,47,71,75,86
,3,15,48,74,76,81
,11,21,22,50,59,63
,20,29,39,54,57,71
,15,21,55,60,70,90
,2,57,62,63,73,87
,55,65,68,70,73,80
,12,13,28,30,47,63
,17,48,52,64,86,87
,6,36,49,51,52,76
,4,33,67,71,81,82
,8,27,39,51,54,90
,25,28,37,51,54,81
,44,53,61,65,86,89
,4,35,48,57,69,90
,27,32,37,70,82,88
,7,19,29,33,40,88
,4,13,15,20,32,41
,28,42,46,56,74,87
,8,17,35,61,78,89
,8,58,76,81,85,87
,2,19,22,57,65,89
,15,27,47,51,62,63
,1,6,12,26,57,70
,3,9,30,58,60,88
,10,17,33,38,67,71
,3,12,26,47,54,87
,18,24,45,58,62,80
,2,27,33,47,53,86
,5,53,64,74,77,88
,24,35,39,48,82,85
,17,51,67,70,82,86
,8,42,45,59,68,88
,1,13,37,53,62,71
,23,26,34,56,66,85
,9,12,19,39,82,86
,32,38,40,59,62,79
,11,14,19,32,78,89
,19,32,41,42,67,77
,8,10,22,72,87,90
,3,25,39,50,53,67
,4,8,19,39,63,70
,6,17,31,33,43,66
,2,4,23,38,53,59
,3,16,37,56,58,79
,15,25,50,64,80,89
,29,32,35,49,69,71
,12,15,34,43,55,75
,1,28,52,53,63,77
,3,17,18,41,63,89
,19,39,43,48,62,76
,12,34,35,50,63,88
,4,6,8,41,76,80
,11,15,16,43,49,84
,5,18,24,51,55,74
,6,37,53,60,66,72
,10,13,42,54,66,81
,3,37,40,49,53,83
,29,31,56,57,76,79
,4,39,56,59,65,78
,23,36,56,78,80,83
,18,36,47,62,75,80
,9,19,52,68,70,74
,14,21,27,49,82,83
,5,30,32,35,55,87
,11,13,20,41,76,89
,4,14,15,19,76,85
,8,16,59,61,78,90
,28,44,49,57,64,89
,7,11,48,49,64,72
,3,6,10,26,43,72
,1,45,48,69,70,89
,8,9,17,37,49,86
,12,14,29,49,62,82
,12,51,56,73,85,88
,5,48,71,84,85,87
,25,35,52,55,60,68
,2,3,15,16,24,67
,8,10,16,21,39,65
,11,54,64,70,73,77
,24,35,37,63,81,85
,15,33,41,48,52,56
,1,10,23,40,68,75
,2,38,39,41,61,76
,6,21,29,43,80,89
,2,55,76,78,81,85
,19,21,28,50,53,62
,22,42,50,53,78,83
,9,27,45,66,68,71
,1,25,26,28,53,79
,3,21,42,49,64,85
,14,25,39,50,72,89
,3,14,49,52,65,81
,13,17,29,32,35,49
,6,11,17,18,20,59
,9,16,48,70,75,77
,39,55,62,77,82,88
,8,54,62,63,66,84
,23,33,36,55,76,79
,26,36,43,47,64,90
,11,33,59,68,84,85
,1,5,14,20,39,58
,1,8,26,33,47,70
,15,25,26,33,41,62
,16,19,61,69,72,84
,8,14,30,31,35,76
,44,50,57,81,83,90
,16,22,35,41,53,62
,14,25,28,42,82,90
,29,42,56,65,80,90
,2,6,18,20,49,83
,28,46,65,70,77,86
,2,8,13,39,47,89
,4,23,56,63,71,89
,4,36,41,49,56,82
,15,22,38,62,83,86
,9,17,30,37,40,46
,6,28,46,55,56,62
,25,26,75,78,79,80
,33,43,59,77,83,86
,5,13,18,40,51,56
,32,34,40,45,65,71
,18,39,61,68,74,75
,28,35,36,62,66,70
,8,19,46,49,73,85
,39,43,56,61,65,81
,2,8,24,36,80,84
,11,39,63,64,74,88
,12,14,17,32,50,58
,2,23,48,57,63,89
,5,12,40,61,63,88
,11,41,52,71,81,89
,10,11,64,74,82,88
,10,26,32,41,42,54
,2,7,12,31,38,71
,4,22,27,45,58,86
,2,14,32,43,44,55
,2,45,59,70,75,82
,9,22,26,67,71,89
,7,30,47,76,83,89
,3,32,37,42,43,89
,13,15,18,49,65,73
,6,36,52,68,80,81
,8,39,55,56,57,63
,5,26,37,43,45,64
,11,18,42,44,45,83
,36,48,70,77,82,88
,7,18,44,48,51,63
,4,18,24,29,41,59
,58,61,70,78,84,87
,7,12,19,21,60,81
,25,32,34,54,64,83
,4,15,22,34,77,87
,16,20,27,31,32,77
,22,31,45,68,84,88
,13,29,40,61,73,81
,10,50,53,78,82,86
,7,10,23,33,68,85
,1,31,44,59,64,77
,4,22,37,43,63,80
,3,9,35,65,80,84
,39,56,64,75,76,90
,27,31,34,47,58,75
,5,39,43,53,63,82
,5,22,49,63,65,66
,1,8,14,27,83,87
,21,25,31,44,49,52
,7,58,61,62,73,74
,6,7,14,53,54,85
,10,12,38,57,72,84
,1,9,27,36,68,70
,5,11,44,57,86,90
,10,11,16,45,46,55
,8,43,53,69,74,79
,12,25,49,53,67,73
,3,5,10,32,44,75
,2,14,38,53,56,71
,10,21,30,45,55,57
,22,26,27,28,72,73
,14,62,69,70,86,88
,3,4,7,55,61,77
,14,42,45,49,71,86
,3,11,43,50,85,88
,14,35,37,52,66,72
,13,28,45,58,70,86
,18,49,60,64,80,84
,16,19,20,30,31,47
,12,23,48,70,85,86
,25,32,36,46,57,58
,5,11,17,21,28,63
,7,24,30,59,66,89
,8,10,23,35,40,46
,1,34,42,50,70,72
,3,4,16,36,74,89
,1,7,10,23,66,88
,14,53,55,65,83,87
,6,7,16,51,62,83
,21,32,35,40,66,83
,32,48,50,55,58,86
,14,32,47,48,63,79
,5,19,40,51,85,87
,4,14,20,61,75,78
,1,14,68,70,75,83
,19,25,49,53,81,84
,3,21,32,48,59,68
,20,21,26,53,80,90
,24,26,49,53,68,83
,41,51,54,63,66,69
,15,25,26,33,41,62
,16,19,61,69,72,84
,8,14,30,31,35,76
,44,50,57,81,83,90
,16,22,35,41,53,62
,14,25,28,42,82,90
,29,42,56,65,80,90
,2,6,18,20,49,83
,28,46,65,70,77,86
,2,8,13,39,47,89
,4,23,56,63,71,89
,4,36,41,49,56,82
,15,22,38,62,83,86
,9,17,30,37,40,46
,6,28,46,55,56,62
,25,26,75,78,79,80
,33,43,59,77,83,86
,5,13,18,40,51,56
,32,34,40,45,65,71
,18,39,61,68,74,75
,28,35,36,62,66,70
,8,19,46,49,73,85
,39,43,56,61,65,81
,2,8,24,36,80,84
,11,39,63,64,74,88
,12,14,17,32,50,58
,2,23,48,57,63,89
,5,12,40,61,63,88
,11,41,52,71,81,89
,10,11,64,74,82,88
,10,26,32,41,42,54
,2,7,12,31,38,71
,4,22,27,45,58,86
,2,14,32,43,44,55
,2,45,59,70,75,82
,9,22,26,67,71,89
,7,30,47,76,83,89
,3,32,37,42,43,89
,13,15,18,49,65,73
,6,36,52,68,80,81
,8,39,55,56,57,63
,5,26,37,43,45,64
,11,18,42,44,45,83
,36,48,70,77,82,88
,7,18,44,48,51,63
,4,18,24,29,41,59
,58,61,70,78,84,87
,7,12,19,21,60,81
,25,32,34,54,64,83
,4,15,22,34,77,87
,16,20,27,31,32,77
,22,31,45,68,84,88
,13,29,40,61,73,81
,10,50,53,78,82,86
,7,10,23,33,68,85
,1,31,44,59,64,77
,4,22,37,43,63,80
,3,9,35,65,80,84
,39,56,64,75,76,90
,27,31,34,47,58,75
,5,39,43,53,63,82
,5,22,49,63,65,66
,1,8,14,27,83,87
,21,25,31,44,49,52
,7,58,61,62,73,74
,6,7,14,53,54,85
,10,12,38,57,72,84
,1,9,27,36,68,70
,5,11,44,57,86,90
,10,11,16,45,46,55
,8,43,53,69,74,79
,12,25,49,53,67,73
,3,5,10,32,44,75
,2,14,38,53,56,71
,10,21,30,45,55,57
,22,26,27,28,72,73
,14,62,69,70,86,88
,3,4,7,55,61,77
,14,42,45,49,71,86
,3,11,43,50,85,88
,14,35,37,52,66,72
,13,28,45,58,70,86
,18,49,60,64,80,84
,16,19,20,30,31,47
,12,23,48,70,85,86
,25,32,36,46,57,58
,5,11,17,21,28,63
,7,24,30,59,66,89
,8,10,23,35,40,46
,1,34,42,50,70,72
,3,4,16,36,74,89
,1,7,10,23,66,88
,14,53,55,65,83,87
,6,7,16,51,62,83
,21,32,35,40,66,83
,32,48,50,55,58,86
,14,32,47,48,63,79
,5,19,40,51,85,87
,4,14,20,61,75,78
,1,14,68,70,75,83
,19,25,49,53,81,84
,3,21,32,48,59,68
,20,21,26,53,80,90
,24,26,49,53,68,83
,41,51,54,63,66,69
,23,31,33,39,74,84
,50,52,54,76,77,86
,15,30,37,52,61,87
,12,26,45,75,82,84
,3,13,20,35,46,58
,15,19,30,46,47,71
,12,41,52,55,84,85
,25,33,41,51,66,76
,3,6,34,49,79,83
,21,28,60,68,71,88
,29,37,53,62,79,85
,9,35,45,77,85,87
,14,39,53,55,73,87
,6,36,37,59,61,62
,1,61,66,70,78,81
,14,17,56,59,69,88
,29,33,40,47,54,87
,19,26,28,45,86,88
,5,6,32,61,67,85
,44,56,57,76,86,88
,20,40,64,68,76,90
,5,30,34,50,82,84
,15,35,42,45,55,77
,1,29,35,38,45,51
,3,11,16,38,69,82
,30,56,57,73,82,84
,15,37,40,47,64,81
,19,23,29,44,69,89
,2,28,43,57,79,90
,18,21,76,79,80,84
,24,27,35,43,64,88
,19,42,45,51,62,88
,27,42,45,62,74,87
,21,37,41,45,60,71
,7,15,17,26,36,54
,1,6,60,61,69,86
,25,55,57,67,69,86
,10,17,51,54,62,65
,23,26,34,35,71,84
,13,28,31,58,59,79
,12,26,27,42,66,89
,40,46,49,62,77,88
,21,36,38,72,79,82
,38,50,58,80,85,90
,4,41,43,51,85,89
,1,38,70,75,83,86
,37,51,58,62,63,86
,8,16,33,64,71,86
,22,24,30,58,60,89
,16,37,42,46,60,64
,9,11,17,38,81,88
,1,4,50,66,69,77
,14,21,34,37,66,73
,3,15,28,76,83,86
,19,37,50,73,75,85
,21,38,63,70,71,83
,17,20,44,57,71,76
,11,19,57,63,84,89
,5,17,44,62,80,88
,11,20,24,31,40,49
,8,12,36,62,68,81
,23,26,32,52,71,75
,7,8,53,72,82,84
,16,29,32,40,48,70
,5,7,20,25,38,59
,15,30,33,35,87,88
,17,23,33,44,46,69
,8,25,26,38,66,79
,1,7,42,49,77,88
,21,28,29,36,45,54
,10,41,52,53,61,88
,16,51,57,64,72,90
,16,23,55,83,86,89
,20,23,30,44,78,88
,11,18,55,77,81,85
,1,10,16,51,76,89
,23,50,54,56,78,83
,34,56,61,62,70,77
,14,18,54,63,70,87
,9,15,25,40,44,71
,21,22,52,59,65,76
,1,2,8,12,48,66
,10,27,37,57,66,78
,10,21,23,35,55,89
,40,43,46,57,77,82
,27,70,73,84,88,90
,13,15,36,78,82,86
,1,15,22,33,42,80
,11,13,25,59,61,87
,12,34,39,52,61,83
,5,44,45,53,73,89
,5,11,23,47,58,60
,18,26,44,51,63,90
,14,42,68,69,80,85
,10,16,20,26,48,56
,17,34,35,56,65,85
,4,5,11,26,34,36
,14,17,21,31,33,69
,6,17,23,55,56,68
,22,31,63,76,78,79
,3,8,21,33,46,86
,14,35,36,47,58,69
,5,27,30,31,34,86
,18,27,49,59,81,88
,2,27,52,65,70,82
,1,3,6,42,81,83
,33,41,49,50,73,87
,14,17,62,75,76,85
,24,31,37,45,71,81
,6,18,34,43,58,80
,16,17,26,28,37,85
,5,26,49,50,73,90
,11,12,27,39,67,90
,2,46,49,56,82,84
,50,62,70,75,82,90
,51,57,58,69,86,89
,33,37,41,56,65,82
,5,11,22,27,36,90
,14,24,40,56,81,90
,12,18,54,71,80,85
,3,14,31,32,64,79
,14,22,24,34,60,85
,3,9,12,36,71,85
,12,19,51,61,62,90
,17,41,45,81,82,88
,1,41,48,49,84,87
,8,12,27,72,80,84
,29,40,57,67,76,79
,8,27,34,42,83,88
,5,27,30,58,78,82
,23,27,43,56,71,75
,1,17,46,58,67,75
,32,34,37,49,52,68
,15,37,43,51,61,89
,1,31,54,80,81,85
,27,28,40,63,67,78
,12,18,47,63,75,81
,4,14,16,44,76,77
,4,61,63,79,84,85
,15,22,37,64,88,90
,11,26,45,53,69,75
,11,21,40,66,68,83
,10,18,26,39,62,68
,35,38,60,68,74,86
,2,6,12,17,19,63
,1,2,4,19,26,89
,22,38,46,47,77,86
,16,21,38,44,67,87
,5,39,61,75,79,90
,5,28,48,53,75,88
,12,35,54,58,61,65
,40,44,62,76,85,90
,30,44,47,48,53,56
,17,29,35,45,76,84
,15,37,38,57,76,87
,7,32,40,43,47,87
,6,25,46,59,71,83
,2,12,26,30,65,74
,7,19,39,45,48,86
,1,9,40,59,73,74
,14,18,34,48,49,74
,9,13,16,17,34,57
,50,62,68,70,74,80
,36,38,39,66,76,83
,10,11,46,80,83,88
,15,18,29,37,47,50
,7,14,27,47,80,87
,1,10,35,57,67,78
,3,4,8,28,77,86
,7,18,46,74,82,90
,12,41,45,51,66,77
,8,21,24,42,72,73
,37,48,55,76,87,90
,9,11,39,44,49,86
,35,52,55,61,80,83
,8,9,10,18,42,63
,6,42,68,70,75,87
,1,8,22,28,64,77
,2,5,36,61,86,88
,18,45,47,56,77,78
,16,17,49,50,74,81
,39,50,51,64,72,81
,1,18,34,39,48,64
,25,33,64,67,68,73
,42,44,51,64,65,77
,3,26,39,41,56,61
,17,52,55,65,82,90
,17,55,66,81,86,89
,22,62,68,73,75,87
,1,8,26,41,70,84
,13,16,25,45,47,55
,11,26,30,34,43,73
,1,4,14,41,44,82
,14,15,64,76,80,86
,49,54,55,62,66,88
,2,12,20,52,54,63
,9,25,37,73,80,81
,13,14,24,29,73,79
,7,30,43,52,57,82
,18,29,32,55,79,82
,35,54,78,81,86,88
,2,11,23,31,40,86
,3,27,54,65,81,83
,46,66,68,70,78,79
,38,50,63,65,84,88
,7,20,29,55,71,81
,1,2,18,27,43,47
,6,37,62,73,79,90
,20,48,50,58,65,78
,1,3,42,48,73,83
,3,36,40,42,54,59
,3,19,33,36,72,84
,7,19,37,51,53,74
,3,15,31,36,43,82
,29,32,36,72,77,82
,2,33,41,56,62,74
,15,25,26,32,51,61
,5,15,59,65,70,82
,4,6,19,40,60,79
,3,36,53,64,80,90
,22,27,48,52,81,83
,7,41,48,54,72,88
,4,11,26,53,63,66
,11,30,51,54,88,90
,17,24,34,59,72,82
,12,19,38,43,52,85
,17,35,41,81,82,86
,12,20,55,79,81,82
,4,13,18,58,71,84
,66,72,76,77,81,85
,11,29,60,61,82,84
,12,23,52,69,75,85
,8,19,25,49,50,54
,30,52,55,65,71,80
,4,8,12,44,77,88
,5,17,53,56,61,83
,21,41,60,69,71,83
,24,50,58,69,87,88
,4,15,39,41,49,68
,32,40,45,47,56,71
,6,7,13,35,56,87
,4,16,17,52,62,67
,3,9,41,69,74,79
,24,51,64,69,71,77
,3,14,50,59,82,84
,29,61,62,69,80,85
,7,19,27,51,63,86
,35,42,60,88,89,90
,2,7,24,56,82,85
,2,22,37,46,57,74
,3,34,62,63,72,73
,13,14,40,66,79,85
,14,46,49,60,77,86
,9,22,36,47,69,85
,14,33,35,46,50,66
,26,65,73,76,81,90
,1,5,16,60,84,86
,13,16,42,61,63,81
,29,34,37,55,62,78
,1,2,26,31,42,64
,38,44,46,55,67,85
,20,55,59,73,87,90
,4,8,11,36,55,83
,11,15,58,66,74,79
,18,37,40,45,54,56
,10,22,34,43,62,68
,14,18,22,27,39,58
,14,23,29,44,48,74
,13,30,47,66,74,81
,8,18,26,36,41,52
,29,53,54,72,76,90
,8,13,31,42,58,88
,5,17,18,27,33,47
,2,13,22,53,60,85
,17,29,63,66,70,89
,12,17,27,44,72,90
,8,29,38,53,77,80
,6,42,43,46,53,70
,29,40,52,59,71,84
,4,19,51,57,66,89
,32,42,55,74,78,88
,1,27,37,42,53,61
,18,35,50,57,67,72
,5,15,66,67,82,84
,35,37,41,43,51,88
,41,43,53,65,67,80
,16,20,43,77,78,84
,8,36,49,59,70,87
,2,21,24,27,42,68
,11,67,72,74,75,77
,2,49,56,76,86,89
,2,11,22,25,60,78
,9,37,41,46,65,79
,3,11,19,28,52,87
,7,32,44,47,65,79
,19,44,57,69,71,87
,12,14,27,35,73,88
,13,33,47,48,70,85
,12,40,51,68,73,77
,10,14,17,56,65,84
,4,13,19,30,53,81
,24,35,39,60,72,75
,13,18,21,31,41,56
,15,51,63,79,83,90
,2,21,33,38,45,46
,19,21,27,47,59,88
,29,30,38,54,66,78
,43,45,46,47,69,90
,27,35,54,61,83,89
,3,41,64,65,74,90
,20,24,38,42,44,79
,6,8,15,18,33,75
,8,41,60,70,73,85
,3,4,15,21,61,67
,11,23,47,48,80,87
,14,15,54,77,80,82
,4,59,68,72,74,87
,2,24,49,56,76,78
,10,21,22,43,61,66
,51,53,63,75,76,87
,11,25,63,72,76,87
,2,12,16,20,24,79
,14,31,34,78,89,90
,7,43,46,70,77,89
,15,45,62,63,80,82
,1,22,24,44,47,79
,1,16,18,43,47,78
,28,32,46,49,85,87
,45,60,67,69,70,87
,23,35,36,51,59,80
,13,18,24,50,58,66
,6,8,18,51,80,89
,22,26,32,38,42,86
,8,17,36,37,60,65
,4,23,28,60,64,65
,15,31,62,68,72,73
,19,21,36,55,77,87
,26,31,50,71,85,87
,2,8,30,74,76,88
,4,10,18,53,75,80
,12,33,40,52,53,85
,11,32,36,52,63,66
,42,55,59,61,70,73
,6,55,61,65,78,89
,7,24,42,49,54,65
,28,41,56,75,83,90
,29,30,61,65,73,81
,1,52,70,73,83,89
,5,13,20,32,38,59
,19,47,56,57,70,71
,1,32,37,68,81,88
,13,15,19,21,82,86
,16,31,53,63,70,81
,1,29,49,53,56,74
,6,11,21,30,58,63
,5,55,68,69,70,76
,6,16,44,45,89,90
,5,9,23,40,57,68
,4,15,25,39,45,79
,17,19,35,39,40,51
,2,3,10,15,31,61
,3,7,11,35,69,85
,15,18,35,55,64,88
,6,8,28,29,32,73
,22,35,36,44,74,75
,6,57,58,66,76,80
,7,19,27,54,64,78
,10,13,45,51,65,88
,9,24,56,68,80,86
,4,8,38,60,82,89
,6,8,49,60,72,74
,6,27,42,49,82,86
,1,19,23,50,74,77
,33,39,49,57,76,80
,17,21,40,55,64,79
,2,13,18,51,52,55
,5,24,28,41,51,73
,8,14,41,55,83,85
,8,22,28,36,74,85
,2,15,39,57,62,73
,2,7,16,26,34,80
,41,48,66,81,86,87
,3,17,43,54,75,79
,8,18,25,38,41,43
,25,28,29,54,74,88
,24,34,64,66,68,72
,24,37,64,81,84,90
,1,4,22,24,38,46
,3,8,13,28,50,61
,3,49,68,73,76,80
,7,8,33,39,48,84
,18,22,28,33,57,71
,3,15,49,65,70,72
,24,34,56,72,79,88
,7,22,33,48,86,87
,7,15,33,40,51,64
,11,14,17,35,43,70
,10,29,53,73,78,83
,9,12,20,55,69,81
,3,11,26,36,45,75
,13,22,31,54,55,87
,42,64,79,84,87,89
,20,48,57,65,71,90
,18,21,24,28,74,77
,19,36,44,46,51,89
,13,14,20,22,44,88
,37,40,70,71,75,80
,18,28,34,46,66,82
,4,18,41,52,79,82
,12,33,49,58,69,75
,12,23,29,48,52,78
,44,56,63,71,79,90
,5,25,44,54,65,70
,5,11,13,55,66,71
,15,25,58,61,83,86
,10,25,35,83,87,90
,14,20,35,45,48,66
,13,27,46,68,79,83
,3,33,63,71,78,79
,7,48,53,59,70,76
,24,35,38,61,70,86
,17,39,48,55,57,85
,17,42,62,67,77,79
,3,6,21,24,37,48
,5,31,57,66,81,85
,9,13,17,47,63,81
,13,30,60,67,84,86
,1,13,14,25,72,86
,3,15,23,40,51,60
,11,16,54,56,57,82
,48,59,65,69,84,90
,20,26,30,39,40,55
,12,14,23,36,72,87
,4,16,31,54,70,87
,25,28,34,44,57,80
,23,30,32,41,48,64
,1,12,21,36,40,84
,22,30,43,56,69,78
,24,40,53,60,63,68
,18,38,43,57,73,88
,15,23,35,38,69,89
,20,27,28,46,64,85
,52,59,63,72,75,87
,6,26,42,51,60,79
,20,23,42,70,80,90
,1,17,31,39,49,71
,9,46,54,64,69,72
,26,47,49,66,86,88
,3,5,51,55,82,83
,3,4,17,20,23,54
,57,66,68,70,74,86
,13,14,22,24,46,81
,8,27,29,38,64,82
,43,45,80,81,83,86
,54,58,72,73,82,86
,26,30,38,55,69,75
,30,31,33,44,77,89
,26,27,31,69,78,85
,25,55,60,69,77,81
,7,37,44,45,53,68
,11,13,27,47,82,84
,9,47,59,73,79,88
,25,39,74,76,85,88
,34,38,53,60,72,88
,3,22,29,54,75,84
,13,22,43,50,70,76
,11,18,27,37,65,72
,7,33,38,51,53,67
,1,2,8,30,42,43
,8,44,47,60,66,77
,5,6,18,34,42,72
,34,40,42,64,77,88
,20,58,65,70,77,86
,17,26,70,76,82,90
,3,6,44,60,84,86
,3,21,63,81,87,89
,4,35,41,66,77,89
,17,27,29,31,44,46
,1,7,22,72,79,82
,10,12,15,51,66,68
,26,28,55,61,62,85
,15,20,32,43,45,54
,8,10,15,42,48,51
,41,43,52,59,73,82
,7,8,10,29,40,52
,10,41,53,62,65,76
,16,20,29,31,38,45
,24,25,33,42,57,89
,1,4,14,30,78,82
,15,30,33,37,62,78
,13,25,45,70,78,88
,13,19,60,61,83,90
,16,33,60,61,62,63
,16,19,44,60,76,89
,27,35,41,46,49,86
,10,11,13,37,81,84
,1,4,12,14,66,78
,32,35,44,58,82,90
,16,21,59,70,71,83
,13,18,47,51,60,64
,8,23,30,53,69,78
,12,22,53,54,60,77
,22,42,52,55,62,74
,11,18,37,52,62,77
,19,22,46,49,72,85
,16,23,40,62,79,88
,14,19,20,26,79,82
,11,31,38,50,59,62
,1,4,32,35,36,87
,1,63,67,71,75,79
,5,32,39,50,59,77
,30,36,39,68,71,80
,19,22,44,61,66,75
,5,11,33,51,82,85
,1,16,25,33,54,71
,18,33,51,66,87,90
,20,68,70,71,72,81
,29,31,41,44,64,73
,5,42,51,66,69,74
,9,10,63,73,79,90
,10,13,21,31,48,72
,6,27,39,43,62,84
,2,8,43,48,60,67
,22,26,51,63,64,73
,8,22,36,48,53,55
,5,11,24,26,49,68
,11,29,56,62,68,76
,27,28,56,67,75,86
,5,11,40,45,58,75
,20,45,59,75,84,90
,21,22,34,55,56,74
,4,49,54,73,79,83
,2,12,19,25,31,76
,15,46,47,67,73,90
,16,21,27,43,56,64
,3,27,30,38,43,60
,22,36,65,72,82,86
,12,37,46,54,58,79
,5,35,49,52,65,89
,26,34,68,82,83,87
,18,24,46,47,69,70
,31,37,45,52,74,83
,21,22,25,53,76,85
,5,11,21,49,54,84
,3,4,5,47,55,80
,6,9,42,48,81,87
,45,49,63,67,82,90
,8,25,28,57,71,72
,4,25,30,40,41,62
,6,59,77,81,82,88
,3,8,16,64,72,73
,3,27,29,46,47,61
,3,9,14,55,62,83
,46,49,50,57,68,69
,2,11,17,33,79,87
,26,33,35,45,54,61
,16,21,51,64,65,89
,1,3,29,63,72,85
,7,10,24,31,81,84
,8,22,36,43,76,77
,10,22,27,34,56,85
,14,34,35,37,41,61
,4,6,8,14,21,28
,2,8,27,30,35,87
,8,23,39,52,75,81
,6,9,10,20,60,83
,52,58,61,62,65,69
,3,47,63,66,67,69
,14,24,33,41,53,82
,4,40,60,71,72,90
,15,29,30,68,79,85
,6,13,34,52,63,83
,12,46,52,55,65,90
,12,37,38,42,79,82
,4,18,24,49,66,81
,34,36,44,50,71,80
,4,5,21,26,42,79
,4,25,43,45,71,90
,42,44,45,47,72,79
,15,29,50,57,79,88
,8,19,27,43,51,79
,2,4,5,9,22,75
,14,37,48,50,65,66
,10,27,42,72,75,87
,5,6,28,61,77,87
,22,36,40,44,46,76
,8,12,14,66,76,88
,36,42,46,51,72,84
,36,55,59,81,82,89
,2,3,35,41,48,88
,23,29,42,44,59,82
,1,2,4,44,75,80
,50,51,57,59,64,74
,1,31,51,73,77,88
,25,45,63,71,74,88
,3,12,22,65,77,84
,4,19,31,51,56,57
,21,23,28,48,49,54
,7,17,44,63,64,88
,1,31,48,75,78,81
,14,28,40,52,54,83
,10,19,32,44,56,76
,2,10,30,43,56,83
,8,13,16,17,49,68
,3,11,28,29,68,88
,15,43,45,66,74,87
,2,20,32,51,53,83
,42,47,55,57,61,79
,21,40,76,77,83,84
,3,45,49,53,58,77
,16,39,65,67,83,86
,6,27,59,71,85,90
,11,49,53,65,77,89
,1,11,24,33,36,80
,7,39,45,47,55,80
,18,47,55,64,74,89
,8,10,20,40,80,85
,4,6,26,28,53,64
,10,33,34,44,70,79
,1,23,38,50,60,77
,1,20,21,27,44,75
,3,12,32,43,51,58
,21,35,39,54,62,85
,3,9,33,61,65,85
,11,30,55,76,77,90
,4,29,70,82,86,88
,11,22,35,65,78,81
,40,41,62,65,89,90
,19,25,31,56,82,90
,28,44,51,72,81,90
,1,30,60,70,74,77
,6,20,58,59,65,88
,40,55,64,65,70,85
,6,32,50,57,59,61
,1,8,21,30,81,86
,5,27,43,50,75,90
,16,22,36,40,62,75
,13,46,48,76,81,83
,1,6,43,46,61,83
,10,43,55,56,81,87
,5,7,68,71,75,85
,23,32,34,72,80,83
,28,45,60,63,74,86
,35,36,43,46,69,75
,13,17,19,21,69,73
,42,70,74,78,82,87
,12,16,21,25,27,64
,2,17,60,77,85,86
,1,29,37,67,74,81
,8,30,39,66,69,78
,10,28,53,64,76,79
,3,46,64,71,78,87
,3,21,33,45,47,85
,28,30,65,74,77,83
,11,19,43,75,81,87
,8,36,40,45,67,79
,36,38,54,56,75,85
,7,15,16,21,37,60
,3,6,12,20,69,83
,1,11,20,66,69,88
,2,3,64,69,73,82
,14,30,33,35,58,76
,32,38,55,58,66,85
,25,46,48,52,57,81
,23,33,78,79,87,88
,10,36,63,75,79,85
,7,8,13,17,38,43
,1,44,67,77,88,90
,13,19,32,39,44,61
,5,31,62,63,68,78
,1,16,17,31,42,70
,7,21,36,38,77,79
,17,39,40,75,76,88
,1,9,13,29,71,83
,59,66,69,72,73,80
,5,19,20,26,53,54
,1,14,17,47,61,66
,12,42,44,46,52,86
,29,32,39,43,66,73
,1,2,26,41,65,80
,2,10,35,67,77,90
,15,42,65,68,70,90
,6,15,45,47,69,70
,3,20,47,52,83,90
,4,24,30,61,66,69
,19,23,39,54,79,87
,8,24,52,73,84,86
,32,45,69,77,83,87
,14,42,53,68,83,89
,1,35,51,56,68,79
,27,33,44,56,63,85
,23,31,62,65,69,89
,21,30,33,45,62,70
,18,62,64,69,75,81
,43,56,61,62,73,81
,20,22,36,68,81,87
,8,38,47,63,71,84
,12,38,65,72,83,84
,16,24,51,55,59,66
,41,46,64,71,84,87
,21,29,50,55,67,73
,34,39,57,62,79,83
,30,37,41,62,65,68
,14,19,44,52,60,71
,16,24,37,38,69,78
,1,25,60,67,87,88
,11,27,45,53,55,58
,8,46,49,55,80,87
,4,23,25,30,34,57
,6,18,36,75,81,83
,19,48,49,56,60,88
,1,35,37,39,57,84
,5,6,9,51,62,66
,9,16,22,25,26,70
,9,31,32,47,70,89
,3,4,19,39,73,78
,15,23,59,65,78,82
,10,30,57,64,72,75
,7,17,30,56,68,80
,10,20,24,38,49,87
,4,52,68,79,85,86
,10,14,18,22,48,68
,2,23,46,48,55,63
,8,11,17,20,21,80
,8,23,48,49,61,62
,3,17,33,51,77,87
,3,20,21,43,69,70
,7,9,17,51,57,78
,18,37,49,71,76,78
,12,41,42,44,80,86
,7,21,58,65,72,77
,2,24,51,55,62,81
,11,17,20,36,57,72
,1,10,26,62,71,90
,3,6,7,30,67,89
,7,19,39,42,56,57
,22,39,54,63,68,73
,29,31,51,60,72,73
,11,31,44,64,83,89
,13,18,32,46,55,78
,16,29,38,62,72,84
,6,39,50,52,54,88
,1,2,33,62,68,79
,4,9,69,74,76,85
,18,28,40,63,68,86
,1,18,30,34,65,75
,2,51,55,57,61,82
,26,37,53,81,86,90
,2,22,28,39,61,79
,17,41,42,43,66,76
,6,19,30,53,55,76
,3,10,40,54,69,85
,33,37,48,65,83,84
,5,13,28,30,42,63
,9,12,28,71,82,85
,12,20,22,39,55,72
,25,31,43,61,63,86
,28,29,33,35,65,80
,6,10,13,17,22,46
,3,14,30,50,66,87
,29,31,35,49,69,74
,6,13,19,37,67,72
,12,26,70,74,84,87
,16,38,40,69,84,90
,20,39,56,64,66,85
,16,30,68,75,83,86
,17,23,30,74,81,84
,23,25,30,44,51,68
,8,9,52,77,82,86
,12,50,55,62,67,88
,4,15,21,35,59,73
,10,23,31,35,61,87
,7,18,19,56,66,71
,18,28,33,41,63,84
,15,17,25,31,85,87
,1,23,30,60,70,74
,7,14,26,34,45,77
,18,33,61,70,81,90
,22,28,75,78,83,87
,30,32,49,68,71,85
,2,3,13,23,30,70
,8,16,33,64,68,82
,4,18,30,69,73,74
,16,17,52,60,80,81
,2,18,35,53,60,66
,27,43,46,51,52,72
,11,13,25,62,76,80
,2,11,40,60,73,82
,2,5,6,56,58,73
,23,30,33,67,69,71
,12,32,54,63,64,85
,1,16,32,51,60,61
,4,12,21,39,59,83
,41,51,61,66,75,88
,50,61,62,71,72,74
,7,32,49,55,61,83
,27,36,38,41,71,84
,5,37,38,59,71,80
,30,37,47,72,85,87
,8,36,75,76,79,83
,11,34,46,58,77,82
,1,17,33,34,46,62
,5,9,53,57,61,84
,9,37,40,61,69,84
,29,51,52,62,72,79
,12,21,49,51,56,74
,34,54,72,76,79,85
,5,34,55,58,74,90
,2,25,28,31,46,59
,8,14,36,71,74,87
,22,29,30,32,41,52
,18,54,62,80,88,90
,36,43,47,49,84,89
,56,64,72,81,83,86
,28,33,42,54,76,79
,36,38,40,51,53,71
,8,38,39,52,64,70
,7,71,72,75,80,90
,8,29,33,47,52,56
,1,4,25,44,82,89
,28,33,39,40,80,89
,7,31,38,57,84,87
,8,53,65,66,80,87
,40,42,57,62,67,88
,22,63,66,73,81,90
,6,16,28,32,43,90
,7,10,50,51,80,85
,7,30,40,58,75,79
,8,16,39,63,84,86
,2,26,30,32,63,89
,13,22,40,41,51,86
,10,26,53,66,70,78
,4,62,67,69,70,84
,10,15,17,57,65,80
,3,6,20,46,50,80
,8,11,14,39,46,51
,18,31,47,59,75,80
,8,16,42,64,72,74
,13,25,54,56,57,58
,4,12,35,61,66,84
,6,19,25,42,48,52
,1,38,54,63,66,74
,19,32,41,42,64,65
,9,69,70,72,77,81
,1,26,49,74,82,87
,11,22,39,52,55,63
,16,26,31,67,74,82
,21,40,57,60,61,68
,8,28,34,63,86,90
,4,33,34,44,52,63
,35,49,56,78,87,90
,15,17,25,39,57,58
,6,44,66,68,77,86
,14,28,37,47,53,57
,20,67,71,81,84,88
,35,49,68,71,82,85
,1,30,36,37,60,88
,19,30,52,66,70,82
,2,11,21,23,39,47
,12,24,26,50,65,69
,8,19,30,32,52,75
,7,10,35,64,77,89
,5,7,13,33,66,79
,2,4,11,37,62,75
,21,31,37,64,75,88
,7,23,28,50,80,87
,18,19,36,39,58,88
,24,26,33,36,38,73
,6,29,30,78,81,88
,1,6,11,27,65,80
,2,22,33,42,52,71
,1,3,20,43,51,78
,27,31,35,53,54,78
,28,38,41,58,67,80
,21,30,32,41,47,67
,15,18,21,57,59,61
,7,12,36,73,77,85
,8,22,31,39,58,63
,25,51,53,72,77,81
,3,16,20,55,60,80
,5,34,43,53,71,78
,2,41,59,68,74,86
,31,58,80,81,88,89
,16,21,24,60,66,79
,4,19,20,24,44,55
,7,9,35,61,67,68
,11,14,43,46,61,70
,1,20,22,23,61,82
,8,25,33,48,58,90
,4,47,76,78,81,86
,7,20,21,74,75,81
,13,16,28,32,71,85
,5,9,50,80,82,88
,2,25,26,41,55,75
,16,21,33,42,52,66
,6,28,32,39,57,85
,24,26,31,39,49,81
,3,31,33,37,52,54
,6,10,22,48,61,65
,15,17,24,31,80,86
,5,7,13,40,52,84
,3,4,7,44,52,89
,25,39,43,46,59,67
,7,30,45,50,55,74
,19,48,61,73,81,83
,27,28,46,48,52,70
,2,3,22,46,61,80
,8,9,17,33,80,86
,17,44,49,60,66,81
,30,46,54,56,72,86
,1,38,47,50,58,65
,40,60,68,72,84,89
,28,32,45,61,63,76
,17,20,48,62,85,90
,9,26,29,31,58,70
,12,14,29,48,49,85
,30,45,66,69,75,80
,17,32,33,50,61,82
,8,25,31,65,87,90
,23,32,38,40,51,71
,16,19,29,34,48,64
,17,24,25,40,58,64
,14,31,35,40,50,66
,14,23,24,41,71,73
,2,15,35,54,60,78
,9,14,21,55,66,90
,8,15,24,25,44,55
,13,17,25,55,64,85
,19,35,49,52,75,79
,1,2,40,52,67,82
,2,4,13,23,28,68
,20,31,44,51,65,74
,27,32,55,65,76,86
,1,3,8,38,83,88
,11,13,17,49,51,61
,7,18,27,33,35,43
,8,23,58,61,76,79
,11,18,47,80,89,90
,3,24,31,32,61,85
,7,32,43,50,68,73
,17,20,63,78,82,85
,28,30,32,33,34,52
,6,39,40,41,50,54
,33,38,47,67,68,81
,10,19,25,35,51,73
,6,26,56,65,69,82
,20,39,42,45,74,77
,29,36,37,40,70,75
,4,14,45,53,77,84
,33,57,63,65,78,88
,2,10,19,36,78,90
,10,15,46,51,65,75
,3,38,44,50,53,70
,1,39,40,52,54,64
,4,39,43,59,74,90
,1,9,11,21,36,47
,13,21,70,71,72,85
,1,10,55,61,72,77
,2,4,16,20,29,53
,3,12,16,30,84,89
,2,3,4,27,34,42
,3,37,54,65,87,89
,2,23,36,62,75,79
,6,34,59,61,83,90
,2,5,20,43,64,83
,3,9,17,38,54,62
,20,46,48,62,71,86
,19,22,26,59,61,71
,24,29,40,71,74,78
,7,40,54,64,69,71
,11,12,32,55,72,87
,28,64,65,77,85,89
,2,25,31,38,45,84
,7,12,19,43,71,77
,31,43,67,69,76,80
,9,11,40,48,68,84
,4,9,22,23,47,73
,1,22,41,69,73,89
,39,50,55,57,78,82
,36,55,62,66,81,85
,11,14,17,24,39,48
,9,25,29,43,48,54
,6,33,35,64,66,77
,5,27,37,63,67,77
,1,13,17,31,58,62
,32,33,37,43,44,79
,7,57,60,67,69,90
,8,14,16,18,56,60
,14,17,39,47,58,85
,4,10,24,59,72,83
,8,19,25,73,76,84
,6,14,39,47,63,82
,15,27,31,52,74,77
,1,7,38,58,62,78
,2,3,37,38,58,59
,23,36,38,52,62,63
,29,56,66,77,88,89
,12,19,24,51,56,78
,12,13,38,46,47,72
,6,35,53,67,75,89
,41,44,55,56,68,79
,7,29,57,60,79,87
,8,21,32,33,60,69
,33,35,47,51,62,89
,6,35,38,48,58,76
,4,32,34,56,61,82
,27,32,40,49,75,82
,9,12,60,69,72,89
,7,35,36,41,45,88
,1,21,29,40,63,70
,2,68,77,81,83,84
,17,21,23,31,33,37
,4,8,51,72,74,88
,40,41,49,56,61,63
,24,51,58,61,74,77
,26,29,40,50,54,72
,11,29,56,63,88,90
,4,10,27,28,34,57
,2,19,43,49,77,82
,2,16,38,67,70,84
,10,11,27,45,79,88
,4,5,22,48,53,86
,15,20,36,69,74,87
,15,19,26,34,67,69
,12,14,19,38,41,45
,18,54,56,58,62,66
,15,31,39,49,64,85
,6,13,41,71,75,86
,17,39,41,47,77,83
,5,21,26,45,47,49
,26,60,61,72,85,88
,19,32,34,63,74,89
,4,8,20,21,44,80
,17,40,50,73,74,82
,5,9,25,30,76,81
,34,69,70,73,82,90
,10,22,24,45,67,76
,4,19,34,52,68,77
,28,38,59,60,71,83
,23,24,49,69,70,72
,1,12,17,65,70,90
,9,33,34,52,82,83
,5,11,40,43,56,82
,3,29,51,55,73,81
,8,24,45,47,72,84
,41,47,49,55,77,90
,29,33,34,64,65,87
,6,26,37,38,55,73
,38,43,44,45,63,77
,29,37,42,52,54,59
,13,16,41,49,58,76
,22,35,44,66,71,88
,12,20,28,57,74,85
,9,11,70,74,75,84
,24,32,56,59,76,81
,37,43,49,66,73,88
,15,27,31,40,63,82
,16,25,28,30,39,51
,1,35,42,55,57,62
,36,37,50,57,73,83
,19,47,69,71,86,87
,26,31,32,50,61,77
,3,42,52,67,78,86
,21,25,36,51,82,90
,19,30,34,49,54,74
,20,63,66,74,75,77
,9,30,50,57,62,70
,33,36,39,50,65,70
,10,16,40,55,66,77
,1,4,48,53,61,85
,1,23,32,53,66,83
,9,15,17,34,73,83
,6,13,17,52,64,82
,5,25,37,52,62,79
,34,36,61,62,78,88
,11,16,21,62,70,84
,40,41,45,51,52,79
,10,23,47,63,70,81
,44,48,49,68,86,87
,13,24,26,34,76,77
,1,30,32,45,69,83
,26,27,39,55,59,63
,4,24,47,66,74,77
,14,18,32,33,46,88
,5,18,55,59,65,74
,11,21,53,62,63,68
,2,23,24,70,81,90
,6,15,18,23,53,62
,21,23,25,27,36,84
,4,17,52,55,56,67
,8,26,32,40,62,88
,11,25,36,49,53,85
,24,40,43,51,53,88
,20,22,24,40,51,80
,4,19,32,58,73,87
,1,14,26,49,71,89
,46,48,63,68,83,85
,7,34,49,51,58,86
,19,26,63,67,68,83
,12,30,35,44,49,62
,1,64,67,68,79,90
,13,43,47,55,67,70
,4,5,18,35,40,90
,17,24,34,48,61,87
,16,21,30,35,57,78
,26,28,48,52,55,90
,7,8,25,46,65,78
,8,9,11,14,79,90
,6,15,21,27,49,85
,4,5,29,58,71,84
,4,18,26,47,61,80
,20,29,44,54,64,69
,6,50,67,69,77,88
,44,45,58,65,66,85
,8,30,64,69,80,88
,23,25,37,38,50,86
,2,16,19,47,49,57
,1,30,67,68,71,80
,7,29,36,50,56,75
,6,31,58,64,74,82
,33,42,46,55,69,90
,34,37,38,39,59,90
,30,54,66,67,76,90
,4,14,40,41,54,79
,6,25,29,44,68,74
,6,7,45,46,67,85
,4,26,28,59,61,68
,31,38,49,54,62,76
,19,33,45,55,82,84
,5,15,23,39,43,49
,2,4,25,34,61,66
,18,26,45,67,70,90
,13,28,39,45,68,81
,19,29,37,46,64,75
,22,32,34,70,78,90
,50,55,57,62,78,83
,19,38,48,54,71,84
,31,32,57,59,78,79
,6,34,43,60,71,73
,9,39,49,64,65,72
,22,68,75,83,85,89
,3,15,46,67,75,78
,30,38,46,47,62,67
,1,6,13,24,46,89
,24,33,54,69,79,86
,16,19,48,51,65,85
,16,27,43,46,62,85
,48,54,64,75,79,87
,20,46,50,52,69,86
,3,8,10,22,32,50
,9,19,54,73,83,90
,12,18,49,51,66,69
,9,28,33,38,50,55
,1,13,18,41,68,84
,1,14,38,77,80,89
,14,18,48,52,64,75
,9,34,57,72,84,88
,23,25,43,50,51,61
,10,25,34,79,85,86
,9,20,33,48,55,84
,4,5,11,15,20,46
,1,9,32,56,71,79
,19,33,45,50,54,86
,30,37,41,45,47,57
,37,47,51,54,78,82
,37,47,69,75,86,88
,6,7,11,19,34,49
,14,15,16,27,56,57
,8,38,48,66,70,86
,11,17,47,57,79,86
,1,7,19,65,67,74
,1,10,17,31,58,80
,2,40,47,54,66,83
,6,10,69,78,83,86
,4,19,52,67,82,90
,9,17,37,51,70,78
,14,59,64,75,80,83
,50,53,66,69,70,90
,13,28,36,45,59,65
,6,11,13,48,72,77
,10,21,35,40,63,79
,18,30,40,64,88,89
,13,54,56,67,82,90
,3,7,48,67,87,90
,8,26,32,44,82,86
,10,16,36,70,71,73
,6,29,54,62,72,80
,5,49,71,83,85,88
,4,23,24,35,77,79
,46,49,61,69,74,82
,25,32,64,74,85,90
,13,16,45,58,63,72
,18,20,46,54,57,65
,6,24,55,67,70,75
,9,16,31,43,49,83
,17,38,42,50,68,86
,19,22,49,65,70,87
,24,30,42,54,84,85
,18,23,31,38,47,51
,9,15,19,38,48,77
,16,31,41,61,65,77
,31,49,54,57,80,88
,3,13,33,42,56,85
,12,26,46,69,72,87
,30,32,49,53,72,84
,16,29,32,53,61,72
,4,26,40,54,55,67
,31,39,53,56,68,90
,1,10,47,50,52,74
,13,35,41,44,59,79
,23,37,41,51,62,74
,28,49,50,54,66,68
,2,34,45,47,54,74
,26,38,40,66,76,81
,23,32,33,47,63,81
,5,7,46,65,73,82
,46,54,65,70,82,85
,5,14,48,52,57,90
,21,38,41,43,52,77
,19,20,32,64,87,89
,10,35,39,57,61,75
,16,20,36,39,42,51
,27,31,45,61,74,79
,12,32,54,60,89,90
,3,17,35,52,69,83
,3,17,48,76,77,90
,9,15,27,54,76,86
,30,38,52,63,74,89
,8,9,19,48,51,81
,5,12,16,44,71,75
,4,39,62,67,69,78
,1,4,21,56,69,75
,5,29,35,39,41,45
,4,7,12,20,74,89
,1,12,21,31,39,49
,14,25,44,54,78,89
,26,68,73,75,76,86
,12,13,31,69,71,77
,15,17,34,59,83,86
,5,8,37,77,79,90
,10,50,55,61,87,90
,4,23,35,54,72,88
,6,8,15,52,67,86
,3,12,13,15,43,46
,1,11,27,45,49,61
,11,35,58,64,68,72
,22,30,43,62,70,71
,20,25,37,45,49,63
,25,32,43,52,65,78
,10,11,20,41,55,83
,1,47,54,81,84,89
,1,3,19,23,61,78
,25,40,63,78,82,85
,10,17,18,25,45,84
,27,44,48,57,77,83
,2,3,38,42,56,74
,2,25,50,63,76,85
,16,18,20,26,32,35
,9,32,42,55,71,90
,12,41,64,75,82,84
,3,12,38,50,54,55
,22,28,32,57,58,85
,7,14,21,47,58,71
,22,26,42,44,58,83
,6,25,62,80,85,86
,6,16,35,52,53,69
,10,21,43,47,58,85
,2,32,49,52,54,80
,7,13,19,65,86,88
,37,38,56,62,70,83
,2,11,37,45,48,66
,3,25,43,55,72,80
,8,14,20,36,45,85
,5,30,31,55,57,70
,21,22,46,56,63,66
,12,13,17,38,74,87
,29,37,50,62,70,86
,24,26,43,71,79,80
,9,17,29,37,49,68
,9,12,21,34,64,67
,8,14,23,25,45,69
,6,34,35,54,62,84
,14,32,56,72,78,79
,38,42,45,69,86,90
,15,29,36,48,74,83
,30,40,51,52,54,74
,21,31,33,40,50,52
,3,4,22,43,65,67
,12,35,75,76,82,84
,1,3,6,21,85,90
,2,21,22,56,70,81
,28,41,55,69,79,82
,5,24,32,78,80,83
,8,12,18,31,32,85
,65,72,74,79,87,90
,20,24,31,38,54,72
,15,16,79,80,84,88
,1,10,62,69,78,85
,14,16,24,30,34,72
,21,44,46,49,58,67
,5,20,44,51,54,90
,10,17,21,35,36,76
,11,29,39,41,43,55
,40,44,49,57,58,87
,18,48,57,59,84,87
,19,22,25,67,74,89
,2,41,62,75,79,87
,11,27,47,50,58,82
,11,17,35,42,71,76
,5,6,29,43,66,74
,7,20,35,37,57,70
,6,9,11,19,45,51
,2,6,7,51,57,71
,1,2,34,54,79,88
,11,22,42,49,58,89
,7,27,28,45,57,75
,21,35,51,68,81,90
,17,20,38,51,53,74
,35,43,56,58,71,90
,9,13,31,35,45,79
,36,42,63,77,81,86
,6,38,50,63,65,74
,21,23,25,65,67,78
,9,33,36,54,60,86
,1,5,32,49,69,72
,3,10,18,42,67,90
,18,21,58,65,89,90
,30,41,55,68,76,82
,8,17,51,60,63,79
,14,31,37,49,74,78
,2,6,27,29,38,55
,18,23,34,37,67,68
,18,26,29,78,79,80
,2,34,42,43,58,76
,18,38,39,45,57,90
,9,43,50,51,57,83
,12,23,32,35,52,55
,8,12,26,44,48,50
,3,5,9,41,58,62
,14,15,21,41,60,63
,20,45,61,67,80,88
,2,8,9,29,53,75
,61,64,74,75,80,87
,6,19,30,45,52,89
,13,45,70,72,81,84
,7,23,39,48,69,75
,4,6,27,37,45,58
,4,23,56,71,76,78
,18,28,35,52,57,75
,11,26,41,45,75,77
,3,5,13,54,58,85
,1,8,41,68,69,73
,5,8,11,47,56,63
,1,26,45,58,66,88
,23,36,41,43,83,90
,9,19,27,53,78,81
,33,40,44,54,64,85
,1,19,29,60,76,77
,7,11,21,34,69,88
,9,15,22,56,61,86
,13,21,24,39,44,60
,2,41,63,64,67,73
,8,16,23,24,71,77
,5,14,41,48,59,90
,52,55,65,75,79,81
,23,44,46,59,74,80
,23,52,71,74,78,86
,8,13,24,39,57,77
,25,32,46,58,74,79
,18,21,36,38,45,62
,12,25,30,33,38,84
,13,24,52,53,88,90
,11,16,17,25,61,72
,3,33,62,69,75,79
,26,29,35,81,82,87
,13,24,29,37,55,67
,4,10,29,41,54,74
,7,13,16,42,67,68
,1,4,10,24,55,90
,1,49,51,60,83,84
,28,31,48,56,72,78
,10,26,31,36,72,85
,7,37,40,53,55,62
,2,28,37,56,77,79
,21,28,56,63,68,88
,36,37,44,62,75,90
,16,41,46,53,86,87
,6,9,21,24,30,47
,15,20,42,43,47,83
,2,3,9,30,33,56
,35,47,54,68,71,78
,10,11,12,24,56,71
,7,15,60,72,77,90
,14,22,27,28,34,66
,20,49,53,63,73,84
,4,12,15,37,53,83
,9,27,32,51,53,71
,24,41,44,56,73,90
,12,19,33,38,62,80
,27,32,55,68,72,75
,13,16,22,30,52,87
,2,17,25,50,52,84
,16,23,28,33,43,86
,25,37,43,50,58,60
,1,17,30,43,67,82
,27,30,69,75,81,83
,43,51,54,71,73,85
,23,30,46,64,70,86
,12,25,41,79,86,88
,5,21,23,41,74,84
,8,21,39,56,74,81
,28,29,30,39,75,87
,20,28,56,62,63,76
,14,30,64,75,79,89
,25,34,43,57,67,77
,6,14,19,26,51,53
,16,19,31,46,69,74
,31,42,49,51,68,79
,23,37,47,79,80,83
,1,8,40,54,69,81
,15,17,53,67,75,81
,1,13,14,34,67,83
,12,23,54,68,84,89
,21,39,44,49,65,87
,6,21,37,55,84,88
,39,45,49,66,75,80
,9,26,27,40,51,69
,11,45,50,54,57,62
,11,23,38,47,57,83
,11,34,55,63,87,89
,10,37,44,56,60,89
,37,46,54,55,65,87
,9,22,41,49,52,53
,15,25,34,54,70,88
,5,22,24,36,85,86
,6,28,39,46,60,78
,12,26,27,47,63,77
,9,11,33,69,73,82
,24,28,54,68,78,81
,19,61,62,65,85,89
,6,11,34,51,59,82
,9,22,61,67,84,85
,8,16,25,28,57,68
,13,14,19,57,77,79
,13,19,35,38,52,64
,6,16,30,53,60,71
,10,45,58,66,83,85
,5,38,56,76,77,89
,14,38,41,58,65,75
,1,23,27,33,37,85
,1,6,31,45,58,85
,10,29,32,43,56,90
,3,33,51,55,73,84
,38,39,42,49,55,81
,12,25,66,72,75,89
,8,16,20,23,47,56
,15,29,38,44,67,74
,32,58,63,70,75,81
,31,34,52,54,78,82
,20,30,47,69,77,83
,3,13,39,40,49,75
,1,9,37,69,71,83
,52,62,65,77,87,90
,9,24,39,48,69,75
,2,6,26,42,55,86
,13,30,46,48,70,88
,6,20,25,42,57,80
,17,20,21,39,44,89
,2,12,17,60,63,78
,15,59,64,65,76,79
,15,25,26,53,74,76
,19,32,33,66,75,78
,40,42,54,66,77,86
,27,38,70,75,78,82
,8,28,35,53,57,61
,5,36,51,55,69,79
,22,24,49,58,72,85
,2,45,55,77,84,88
,11,18,30,59,76,77
,9,17,67,68,80,81
,29,82,83,84,87,89
,2,8,55,66,73,83
,12,35,47,56,74,87
,24,50,57,62,72,77
,19,30,32,39,47,71
,4,11,13,42,54,75
,19,22,23,28,41,74
,38,39,46,74,85,89
,3,5,11,34,43,49
,35,42,62,67,76,78
,5,27,36,40,46,64
,7,38,66,67,71,88
,15,27,30,34,75,80
,17,20,22,40,52,62
,6,20,31,33,63,74
,34,42,58,60,82,83
,16,29,39,49,59,64
,5,13,31,42,43,73
,8,33,42,44,48,89
,12,26,27,46,65,77
,21,23,32,35,36,72
,3,10,18,25,50,68
,10,17,50,65,75,86
,1,28,29,68,84,85
,21,23,33,46,61,76
,3,8,10,31,77,79
,6,7,33,53,64,90
,36,52,69,71,78,84
,21,25,47,62,79,87
,13,40,41,56,82,87
,6,9,37,67,83,88
,16,34,50,58,80,90
,14,17,38,58,60,81
,1,20,24,27,46,60
,7,41,56,61,68,84
,2,5,28,36,69,81
,45,50,65,67,78,79
,15,23,51,52,77,90
,15,33,34,43,49,75
,10,32,46,61,70,75
,1,4,8,47,74,87
,7,14,15,17,57,66
,18,20,22,76,82,84
,9,31,39,44,72,81
,1,34,46,51,60,75
,3,20,57,62,79,84
,12,24,53,66,74,83
,8,10,39,60,77,84
,9,11,29,41,67,70
,20,25,51,59,77,88
,12,26,34,42,48,63
,5,13,56,65,78,82
,1,13,17,29,54,63
,6,20,25,45,56,60
,19,33,35,42,49,83
,15,18,47,70,74,89
,11,28,38,49,66,77
,6,8,10,11,16,61
,9,25,48,61,73,82
,15,26,35,39,53,59
,22,56,60,62,79,87
,6,19,26,27,52,65
,24,50,53,59,80,85
,6,22,31,37,38,51
,28,52,57,71,81,87
,31,39,51,84,86,89
,10,11,43,54,61,83
,12,14,41,51,69,90
,3,11,38,59,67,74
,28,32,52,74,79,80
,1,16,22,54,73,76
,9,12,13,30,48,86
,12,24,40,42,70,84
,25,34,38,69,83,86
,1,6,23,52,58,65
,8,51,52,60,83,88
,15,17,47,53,64,80
,10,12,27,39,78,84
,6,12,18,22,25,82
,37,42,47,49,53,63
,9,18,39,63,64,85
,7,13,49,71,80,88
,4,5,55,77,80,81
,4,11,32,51,66,81
,6,21,41,72,73,80
,24,32,44,60,64,76
,6,32,35,43,53,69
,3,34,37,55,82,90
,4,16,35,57,69,88
,1,11,21,50,67,75
,20,25,51,59,84,90
,4,24,62,66,76,84
,16,49,59,67,71,82
,32,34,39,52,59,61
,26,32,42,46,78,82
,13,22,36,64,80,84
,7,10,22,23,41,77
,27,35,47,57,85,89
,19,41,43,48,73,81
,21,39,71,76,89,90
,9,27,47,58,62,71
,29,42,45,58,67,86
,15,37,46,52,64,89
,12,27,54,68,73,76
,17,42,52,71,74,90
,4,12,33,52,85,87
,3,4,31,52,66,84
,5,8,73,84,87,88
,25,44,45,52,68,81
,1,47,66,67,78,90
,26,33,43,49,61,76
,21,30,35,36,83,89
,27,30,35,39,49,69
,29,33,67,75,83,86
,1,13,37,53,62,63
,1,2,11,56,57,75
,2,6,53,54,68,89
,5,35,38,75,82,86
,19,32,33,57,65,75
,6,31,63,74,75,85
,19,37,54,65,67,70
,13,16,20,21,25,65
,10,42,48,67,83,84
,35,41,47,74,77,85
,3,16,22,39,49,71
,14,20,24,36,40,81
,6,32,48,53,54,87
,14,22,36,53,59,66
,6,27,34,55,62,87
,26,35,47,66,67,80
,29,43,61,62,77,79
,8,21,25,54,84,85
,3,27,34,62,81,88
,34,36,47,64,73,78
,5,10,31,53,56,61
,2,21,37,39,41,64
,1,5,6,39,41,70
,15,19,33,35,62,68
,8,24,32,34,65,86
,15,24,32,52,68,71
,2,19,25,59,84,88
,6,16,40,61,64,82
,12,22,27,37,52,87
,17,22,54,69,82,88
,3,4,18,29,64,90
,9,41,46,47,53,77
,4,9,24,64,74,76
,17,36,48,55,63,70
,14,15,34,55,59,81
,23,49,52,65,67,76
,22,29,57,72,85,89
,16,19,24,37,63,85
,2,16,20,26,31,33
,11,14,39,63,73,75
,33,38,41,43,46,57
,17,19,40,43,72,84
,16,47,55,57,70,85
,8,21,24,25,27,75
,15,16,34,74,85,87
,14,16,32,35,41,50
,2,14,42,52,75,79
,5,33,47,61,64,70
,1,33,41,78,83,84
,20,21,24,43,76,89
,3,5,11,14,38,79
,4,11,15,26,58,68
,19,21,30,59,61,89
,1,2,5,27,39,49
,6,44,63,64,72,82
,19,54,55,71,80,84
,11,20,50,62,70,85
,1,7,56,70,88,90
,15,23,45,70,81,82
,41,55,72,78,83,87
,35,44,57,58,87,88
,7,44,48,51,64,83
,20,35,45,47,72,78
,1,21,34,44,49,90
,15,21,28,75,81,86
,36,61,75,81,82,89
,1,27,33,36,43,86
,4,38,42,57,64,75
,28,57,61,69,78,83
,16,21,26,64,66,78
,7,14,42,43,56,57
,2,5,8,65,74,77
,1,31,39,60,62,84
,3,7,12,20,48,55
,10,19,20,39,85,87
,22,36,60,64,71,80
,11,18,40,58,81,87
,12,30,36,44,54,60
,2,5,34,56,72,73
,1,3,5,41,62,76
,24,48,50,62,63,87
,12,23,49,53,67,83
,13,18,26,37,46,48
,1,12,67,75,81,90
,4,9,10,76,78,87
,9,19,21,50,61,82
,10,22,39,55,81,89
,16,26,30,52,57,83
,23,45,54,61,69,75
,16,36,54,55,63,69
,14,15,39,47,53,76
,28,37,52,57,64,66
,6,10,19,71,72,89
,20,25,30,45,75,79
,31,51,55,66,73,78
,10,11,35,42,52,89
,12,40,42,66,73,80
,28,34,42,68,71,88
,2,16,42,67,75,87
,10,16,20,57,65,89
,10,19,32,49,53,66
,5,33,44,46,66,76
,12,22,27,43,60,72
,10,23,27,39,70,82
,2,14,17,21,22,26
,15,43,48,54,55,76
,10,39,45,65,74,86
,39,52,69,70,74,82
,25,60,62,76,82,87
,49,55,57,64,70,77
,19,26,30,47,69,81
,14,47,48,58,60,69
,15,17,24,41,70,87
,11,37,39,52,68,90
,4,7,25,74,82,87
,3,18,34,37,40,47
,14,18,38,41,74,78
,5,23,35,54,56,62
,3,6,12,13,19,67
,22,34,53,59,62,88
,9,17,27,29,59,67
,7,21,28,45,59,90
,3,6,41,44,48,73
,3,12,25,33,59,85
,9,12,14,61,79,90
,8,16,41,52,64,74
,12,27,38,43,65,67
,9,11,17,20,33,75
,18,31,62,64,72,77
,15,36,49,62,75,82
,14,26,47,63,78,80
,17,19,28,34,38,82
,26,51,52,54,70,88
,19,32,54,59,68,86
,7,8,47,56,79,90
,40,46,51,61,65,76
,15,61,66,67,76,79
,35,45,50,51,82,87
,49,51,53,56,58,81
,10,28,40,57,58,78
,1,5,22,24,41,43
,38,39,46,58,66,83
,15,18,28,49,51,77
,19,22,31,38,87,89
,28,36,42,70,74,78
,8,12,47,64,83,88
,12,21,57,68,86,88
,7,56,66,72,73,90
,40,47,59,64,79,89
,9,31,33,37,79,86
,11,61,64,76,82,87
,22,25,46,52,54,65
,14,29,34,62,65,89
,3,26,33,44,48,49
,11,20,51,63,68,88
,42,45,56,75,79,90
,14,16,21,24,62,78
,5,7,11,67,70,85
,3,9,13,25,42,81
,27,33,40,52,76,86
,15,33,45,60,72,85
,27,44,46,50,54,69
,1,3,4,60,70,73
,6,9,54,70,78,79
,8,39,40,57,69,81
,3,5,16,54,58,68
,20,47,56,64,66,67
,5,31,36,68,75,90
,10,17,41,45,69,78
,8,23,48,56,59,78
,3,22,38,70,77,81
,32,37,52,53,66,83
,27,32,33,52,73,84
,1,6,7,10,14,56
,3,25,26,29,48,79
,11,31,43,70,74,80
,12,18,39,46,56,63
,27,29,30,42,48,73
,13,18,19,27,50,69
,3,31,45,48,71,76
,21,29,43,53,66,89
,16,19,24,36,39,81
,14,61,69,79,81,85
,3,22,31,42,73,88
,8,43,61,62,70,86
,17,20,41,42,49,81
,31,35,48,64,65,89
,1,13,21,25,61,63
,15,31,38,47,55,82
,5,8,32,43,59,85
,3,11,18,30,51,85
,11,20,48,52,70,74
,5,15,17,31,32,40
,6,11,12,28,59,79
,29,48,49,54,75,87
,7,32,58,60,66,69
,4,12,13,55,73,86
,1,10,26,28,29,62
,32,45,56,74,87,89
,14,19,22,66,80,90
,29,38,54,58,72,86
,2,19,22,41,77,89
,10,29,50,59,79,80
,9,10,26,53,68,72
,11,24,34,39,68,86
,4,12,24,61,73,75
,31,63,64,68,69,71
,15,30,62,63,67,74
,4,31,52,73,76,84
,16,45,51,58,60,71
,1,20,44,56,59,69
,22,39,51,78,83,84
,23,38,43,46,60,75
,6,20,27,31,32,36
,31,39,41,53,67,83
,26,33,53,61,73,82
,12,20,26,41,70,78
,13,14,56,58,79,82
,7,20,25,51,65,87
,1,15,16,23,24,52
,11,19,37,41,62,77
,15,36,39,50,57,76
,6,25,42,59,78,89
,4,45,59,77,78,79
,1,9,12,14,58,84
,28,33,49,55,59,76
,3,9,42,50,56,88
,2,6,11,62,70,71
,7,15,17,18,26,53
,17,20,26,41,45,89
,6,11,28,43,56,83
,19,21,38,45,51,69
,6,9,24,49,78,79
,20,40,44,53,66,72
,18,34,41,43,46,55
,7,21,44,53,59,64
,8,28,44,57,85,88
,26,30,32,36,44,61
,22,39,45,53,74,86
,7,9,32,35,40,48
,13,18,23,29,58,88
,46,58,59,82,88,90
,21,33,69,73,81,84
,23,27,39,41,52,64
,2,38,47,50,55,79
,28,42,62,64,79,80
,38,58,65,66,72,88
,42,45,48,56,68,83
,22,25,55,58,82,85
,17,36,62,67,70,87
,13,18,26,53,54,70
,3,14,35,63,73,80
,9,25,35,59,76,81
,7,52,57,65,83,85
,10,11,21,54,73,82
,2,23,35,46,47,63
,20,22,24,25,48,79
,12,13,19,37,64,70
,15,35,45,69,82,84
,19,28,48,52,82,89
,1,13,24,26,29,77
,18,22,55,58,62,89
,33,46,53,58,73,85
,15,25,31,39,82,88
,5,24,51,76,77,79
,14,26,31,40,58,68
,16,37,48,68,84,90
,9,16,19,26,28,46
,6,9,29,41,50,90
,2,13,22,37,48,90
,9,10,36,67,76,83
,2,5,7,12,23,42
,18,22,31,54,71,80
,2,11,15,39,84,87
,11,12,44,57,77,89
,22,23,24,59,63,81
,5,10,47,59,66,73
,27,29,58,64,67,80
,8,44,54,58,59,86
,12,29,43,56,60,75
,7,8,10,45,49,53
,24,27,38,40,56,81
,30,59,72,74,77,78
,25,32,44,56,77,87
,13,31,32,57,60,79
,20,27,40,60,61,66
,23,35,44,49,66,84
,5,16,33,48,57,87
,6,29,56,72,82,83
,17,41,44,57,73,86
,5,10,34,48,56,87
,16,26,48,61,63,87
,35,44,62,74,82,90
,26,36,56,68,73,81
,9,19,68,70,71,81
,7,36,38,63,73,90
,28,30,39,46,68,89
,10,13,21,36,66,69
,5,7,20,38,57,85
,4,7,9,19,55,58
,8,17,29,32,65,90
,10,21,40,46,79,84
,5,22,60,71,74,81
,3,15,23,33,46,78
,33,36,61,66,83,85
,11,38,44,48,56,83
,4,18,20,68,72,77
,7,25,30,44,47,68
,26,54,55,73,86,90
,36,45,56,79,81,90
,37,38,43,69,79,86
,10,11,18,36,47,85
,4,17,52,59,67,84
,8,13,27,34,47,83
,8,26,39,56,78,85
,10,41,59,61,65,71
,18,28,31,33,55,78
,6,34,45,46,59,73
,7,31,33,78,86,87
,12,32,43,46,58,77
,31,40,52,55,62,76
,10,19,48,78,85,90
,19,25,42,51,55,56
,3,32,39,65,75,76
,6,20,43,44,46,67
,17,21,23,51,65,87
,4,24,29,31,39,71
,6,9,21,69,77,78
,6,33,57,61,80,83
,13,33,39,56,65,86
,3,28,37,42,67,86
,14,17,23,45,87,88
,16,24,34,40,41,57
,15,21,58,80,82,86
,26,48,52,61,75,79
,19,35,36,38,45,80
,6,28,55,57,78,83
,18,21,28,62,84,90
,6,11,21,65,66,85
,20,24,26,33,42,80
,18,46,63,68,73,79
,17,22,45,48,53,61
,4,11,16,25,34,59
,8,17,30,61,78,88
,8,30,38,51,62,66
,19,25,31,78,83,88
,8,54,59,66,86,89
,8,30,34,39,42,58
,12,17,32,47,74,86
,22,27,29,49,69,87
,22,42,47,62,70,72
,1,21,63,70,79,84
,33,41,44,48,68,75
,2,20,21,40,45,65
,4,26,34,66,67,81
,13,18,25,26,35,61
,2,26,34,58,80,81
,34,53,77,78,83,89
,2,27,36,39,53,79
,3,7,17,26,55,72
,17,25,32,42,71,85
,4,17,34,41,66,78
,1,4,50,70,71,76
,20,30,45,50,76,86
,4,14,31,68,70,74
,6,7,9,14,17,35
,3,18,19,65,81,88
,2,4,12,40,50,80
,7,28,44,55,57,78
,13,30,38,48,50,77
,13,18,19,49,78,87
,24,30,36,42,71,86
,41,50,54,60,75,88
,10,14,15,34,75,88
,11,24,46,48,68,82
,9,17,20,32,35,56
,8,9,42,71,78,79
,9,32,40,49,52,60
,10,26,50,55,62,81
,1,32,36,61,78,80
,1,37,69,74,77,89
,17,25,41,45,57,82
,2,17,21,49,69,74
,2,4,14,31,43,61
,8,11,17,27,62,84
,23,32,33,55,84,90
,32,41,45,47,78,90
,35,36,63,71,75,89
,7,9,16,24,32,40
,4,6,61,63,65,72
,18,34,58,60,64,88
,1,6,32,50,51,81
,9,14,33,38,46,87
,13,15,48,50,74,83
,4,16,40,57,71,84
,6,25,26,52,86,88
,30,41,47,71,79,86
,17,21,29,33,43,62
,2,19,22,46,51,54
,8,31,33,38,66,77
,19,22,31,41,54,87
,19,56,73,84,85,86
,27,29,39,54,59,74
,25,28,44,52,87,89
,13,25,33,53,75,83
,52,54,70,80,82,84
,12,36,45,67,77,88
,20,23,28,51,65,81
,31,39,55,58,85,87
,38,46,53,65,77,84
,1,28,34,42,49,77
,21,54,62,63,82,83
,1,19,20,56,60,83
,18,20,46,47,55,66
,5,30,36,63,84,85
,11,44,56,81,83,87
,7,22,46,50,55,73
,18,22,23,57,60,69
,6,8,24,28,36,63
,5,38,48,52,81,88
,15,20,57,72,76,89
,15,26,29,77,81,90
,1,17,39,41,56,65
,7,20,40,56,60,90
,10,38,61,62,74,86
,20,26,36,50,51,74
,3,9,28,42,50,79
,5,8,17,41,46,87
,11,17,48,52,70,90
,13,18,35,43,51,66
,2,12,32,57,61,81
,4,5,8,14,32,49
,24,45,50,60,63,87
,2,6,15,39,80,83
,13,24,51,68,77,81
,19,38,40,56,65,80
,7,21,31,39,46,69
,10,24,36,63,77,89
,11,26,46,56,58,78
,17,27,45,53,71,74
,2,30,49,66,74,80
,2,10,27,34,38,40
,12,26,30,51,57,89
,29,32,33,49,54,85
,2,14,58,74,80,82
,14,33,52,67,71,81
,19,22,28,48,49,85
,15,20,25,30,45,55
,8,16,29,49,56,62
,6,8,68,77,80,86
,8,27,32,51,52,89
,9,16,18,22,65,71
,29,37,52,67,80,82
,2,4,17,19,38,56
,1,12,65,67,76,86
,18,41,51,56,72,76
,17,31,32,43,59,71
,14,24,26,57,67,89
,28,43,67,68,72,79
,29,55,65,71,73,77
,17,28,63,78,84,88
,2,24,65,75,81,88
,12,23,28,32,42,85
,38,42,45,59,66,87
,2,5,12,33,54,59
,34,50,55,72,79,89
,1,2,6,42,67,83
,8,12,23,58,86,89
,14,30,61,86,88,90
,1,15,30,50,54,62
,10,11,15,33,79,83
,38,49,51,59,77,90
,10,11,24,30,48,63
,22,38,47,51,61,85
,14,29,58,72,75,85
,7,20,25,32,75,90
,3,32,34,36,82,87
,25,26,49,54,55,66
,10,25,52,54,59,84
,11,19,56,72,73,75
,1,10,19,44,68,74
,15,39,54,62,71,74
,9,11,20,35,66,68
,14,16,45,47,48,86
,1,32,34,58,64,86
,3,5,12,17,44,51
,8,18,33,41,62,71
,8,10,18,64,85,87
,3,54,56,57,75,90
,24,29,45,63,65,70
,9,14,61,76,80,83
,27,30,34,40,52,68
,25,31,33,42,58,86
,18,19,29,47,59,68
,24,25,45,51,52,63
,4,30,31,45,49,85
,17,18,25,43,66,87
,11,14,44,54,85,87
,5,23,44,59,60,83
,30,31,32,34,50,51
,8,9,22,43,50,56
,22,26,43,50,59,65
,1,4,32,59,70,86
,12,34,44,45,53,68
,1,41,59,63,81,85
,38,56,61,67,72,82
,26,37,43,67,75,78
,4,10,28,29,48,52
,19,27,35,56,60,89
,1,30,42,61,76,88
,4,13,15,18,72,76
,29,37,38,61,63,85
,15,22,26,45,48,82
,34,54,57,84,89,90
,25,37,40,61,65,77
,23,34,58,61,71,77
,12,27,34,76,77,85
,31,65,78,85,89,90
,2,25,43,72,87,89
,9,12,18,63,64,73
,8,39,59,65,82,83
,10,29,35,44,49,65
,4,28,48,67,68,84
,16,28,40,43,57,61
,1,32,37,54,66,81
,6,9,17,47,66,86
,4,18,43,60,69,85
,4,29,35,46,82,85
,7,30,34,61,84,88
,6,12,47,51,60,79
,9,13,16,49,64,65
,9,22,48,66,68,83
,14,18,30,48,53,86
,2,4,10,59,68,88
,45,46,48,52,77,78
,4,11,34,49,55,83
,3,16,22,31,45,56
,36,41,55,81,83,85
,11,40,41,44,67,70
,18,19,57,74,80,82
,47,49,67,80,84,85
,2,12,26,52,59,80
,18,25,37,47,62,87
,11,12,17,53,71,76
,4,34,39,60,61,77
,4,7,36,72,78,81
,24,44,48,61,73,87
,2,43,65,66,67,90
,1,6,45,48,64,78
,4,40,54,65,83,85
,3,12,23,71,76,83
,1,7,13,17,40,49
,3,14,18,25,47,75
,21,35,56,66,68,79
,21,22,26,35,47,85
,31,32,60,75,81,84
,26,41,50,55,69,86
,9,12,20,22,75,90
,9,18,25,31,78,81
,2,20,23,41,44,59
,28,29,37,43,51,78
,8,21,44,77,80,86
,53,68,75,79,82,84
,41,42,44,47,68,69
,5,24,35,49,62,77
,11,20,31,56,63,72
,2,10,15,26,68,71
,24,51,56,64,65,73
,54,65,66,68,70,85
,6,39,52,65,68,86
,17,21,35,48,60,76
,9,30,31,53,67,86
,7,15,31,39,41,45
,10,11,29,47,58,73
,14,23,24,44,77,86
,1,19,21,32,48,86
,13,25,30,57,58,64
,31,33,38,58,76,85
,12,14,18,22,28,33
,9,12,27,32,45,77
,1,7,21,27,39,78
,2,8,62,79,81,88
,1,9,22,25,58,84
,14,16,30,34,52,73
,12,17,24,45,67,84
,16,44,49,57,60,81
,32,51,74,79,80,81
,6,55,63,68,76,80
,63,67,74,77,83,85
,43,48,49,51,60,75
,9,13,15,51,73,74
,14,15,16,43,49,77
,11,27,56,57,64,66
,13,18,34,51,62,81
,2,21,38,74,79,83
,18,25,35,38,45,75
,6,9,11,32,63,83
,9,14,19,35,48,65
,13,17,26,33,60,78
,7,13,24,36,37,86
,4,22,36,60,66,90
,9,11,21,37,86,90
,11,17,40,69,84,85
,19,22,44,45,71,76
,34,37,52,58,65,89
,2,11,26,51,64,87
,8,19,28,33,71,89
,4,17,39,40,50,58
,3,6,46,48,63,76
,16,21,53,74,79,80
,16,21,31,62,69,85
,14,41,60,74,79,80
,32,35,58,63,76,79
,25,39,48,74,86,89
,3,50,60,64,85,86
,3,6,20,54,72,90
,5,16,40,70,74,76
,8,46,68,70,76,86
,3,16,29,34,37,57
,15,16,21,24,53,89
,4,6,27,76,80,86
,5,57,59,69,81,86
,16,24,56,69,85,87
,6,20,35,36,55,59
,18,29,52,74,76,88
,3,14,52,67,72,82
,1,4,9,10,36,79
,8,17,28,35,74,82
,8,27,54,62,82,83
,8,14,25,41,79,84
,28,43,59,60,78,80
,15,20,33,39,65,75
,57,60,73,77,82,86
,3,25,63,70,75,78
,19,37,45,51,82,83
,4,15,21,22,44,77
,29,38,75,79,80,90
,1,19,47,61,70,87
,6,37,46,53,73,78
,10,18,23,34,61,75
,10,33,40,42,46,77
,16,34,57,64,65,78
,21,26,35,59,66,70
,7,15,27,37,56,58
,2,22,36,77,83,90
,7,12,26,46,56,70
,11,28,32,48,54,59
,19,54,56,57,67,69
,41,50,69,71,77,81
,6,24,28,32,78,83
,45,48,71,75,80,83
,38,46,54,76,82,86
,9,18,24,42,59,71
,2,18,20,23,30,75
,9,14,62,64,78,82
,16,19,38,40,58,79
,15,20,45,59,81,85
,21,37,58,75,81,85
,36,37,46,48,51,74
,6,8,32,54,80,82
,6,12,38,42,49,83
,2,11,26,62,74,78
,27,37,44,47,73,86
,17,34,42,47,75,85
,22,32,45,60,61,80
,6,22,26,33,51,88
,4,29,30,47,52,59
,5,15,52,60,77,84
,5,11,58,75,78,81
,1,8,28,54,82,90
,20,25,39,49,69,71
,14,19,50,69,75,90
,17,24,33,41,63,66
,3,5,24,41,48,80
,6,17,32,40,44,67
,34,44,46,47,64,88
,22,28,46,52,69,86
,18,29,34,47,48,60
,34,46,50,52,67,86
,40,45,54,72,85,88
,28,29,36,54,55,68
,21,23,54,73,84,88
,5,29,32,33,72,89
,2,49,57,60,71,77
,7,12,66,68,73,76
,11,29,64,68,70,85
,29,39,49,56,83,85
,7,10,25,26,37,68
,18,25,29,30,33,69
,22,35,36,55,63,86
,38,45,46,55,65,73
,13,16,27,48,67,77
,8,46,48,69,72,81
,13,18,19,46,58,60
,6,15,39,68,80,89
,7,12,21,22,39,90
,6,21,38,48,79,90
,14,33,48,61,65,80
,14,17,35,37,55,83
,4,26,52,65,66,72
,9,16,19,35,41,59
,2,13,50,75,85,90
,10,17,30,55,62,78
,16,17,58,66,71,72
,21,22,31,32,33,81
,6,45,47,61,74,80
,14,38,43,57,65,72
,7,11,17,28,32,79
,19,24,35,69,80,89
,11,31,46,48,65,68
,6,7,8,38,45,78
,2,6,34,69,77,86
,8,12,41,42,46,51
,16,31,33,51,75,80
,1,11,40,45,46,57
,2,12,16,26,51,73
,3,16,24,27,44,88
,32,40,41,47,56,72
,14,38,40,51,53,64
,16,20,22,42,54,62
,27,28,48,61,87,88
,5,17,19,33,43,63
,4,12,25,27,35,69
,10,34,45,63,81,83
,14,15,65,68,82,85
,21,24,48,51,60,82
,2,30,44,52,58,69
,25,33,39,59,72,74
,3,7,53,65,66,73
,24,55,71,73,85,90
,22,39,43,65,77,89
,12,25,50,59,67,88
,35,39,48,71,88,89
,10,28,33,43,50,80
,6,17,23,46,52,53
,1,19,26,44,61,89
,5,19,28,43,58,82
,15,18,24,33,48,64
,8,69,70,84,88,90
,3,25,28,37,71,82
,2,10,41,49,56,71
,9,29,51,53,74,76
,29,43,46,50,85,86
,27,48,50,74,76,84
,2,5,24,32,47,62
,15,38,48,52,66,71
,5,24,68,72,78,85
,22,39,47,49,77,89
,20,45,51,63,85,89
,1,8,19,28,34,87
,4,8,16,35,36,74
,24,25,30,43,47,90
,7,31,35,57,88,89
,3,11,38,53,70,71
,5,17,34,40,78,82
,5,17,37,40,55,79
,17,25,52,55,67,75
,9,40,45,70,76,81
,10,44,48,62,68,83
,48,56,66,83,86,89
,9,23,57,72,77,82
,2,19,62,74,81,83
,12,36,45,46,67,75
,22,50,52,65,66,89
,11,15,42,64,82,84
,19,33,42,65,78,85
,2,13,17,31,45,69
,7,35,52,85,88,90
,9,20,33,43,44,48
,20,23,29,37,39,72
,2,24,42,62,66,81
,10,16,35,63,73,83
,11,15,32,35,52,56
,1,6,7,9,45,79
,30,45,47,49,71,90
,7,27,55,63,73,77
,3,20,47,55,81,83
,27,35,46,68,72,82
,8,28,34,38,47,54
,1,10,31,44,58,80
,12,23,39,54,72,73
,5,17,20,44,62,80
,11,43,68,72,79,85
,31,41,44,67,75,82
,44,52,64,66,67,71
,2,25,41,42,74,87
,6,10,26,47,60,75
,9,19,31,39,77,82
,6,14,19,59,79,81
,17,18,41,57,58,75
,41,62,77,79,81,84
,29,49,50,56,64,78
,3,10,38,52,65,71
,16,33,34,74,79,80
,40,51,55,56,74,81
,12,13,19,37,62,72
,1,27,31,58,83,87
,20,27,32,55,69,90
,19,28,42,49,68,83
,9,57,64,66,69,86
,45,56,66,74,77,88
,6,10,11,21,71,75
,33,39,47,64,67,76
,13,32,41,51,61,86
,1,12,31,33,44,50
,5,37,51,65,79,81
,2,9,15,22,47,65
,1,7,25,40,68,75
,6,11,37,42,58,62
,4,17,29,55,67,70
,2,6,37,39,51,86
,28,36,55,76,81,89
,9,13,23,32,45,54
,28,33,38,41,66,72
,11,19,27,41,61,83
,3,51,55,64,77,79
,27,41,50,60,63,81
,3,13,18,24,74,89
,2,9,14,19,27,77
,30,35,44,60,72,76
,11,38,47,71,76,77
,22,36,38,56,59,67
,7,29,37,43,72,79
,21,34,53,72,80,84
,10,19,47,67,68,75
,23,32,49,53,61,85
,5,6,41,44,65,74
,23,39,53,56,64,84
,11,18,21,23,55,66
,31,32,46,54,73,90
,14,57,73,79,82,84
,21,43,45,57,67,83
,2,10,12,21,22,50
,7,14,27,66,70,81
,2,16,30,39,51,79
,14,23,32,34,40,80
,42,44,54,68,69,81
,1,26,39,43,73,89
,16,28,29,55,63,69
,1,4,19,23,55,68
,18,25,47,51,70,83
,2,23,34,52,76,87
,7,25,32,39,59,86
,59,61,63,65,71,84
,16,23,29,49,57,76
,3,26,34,61,84,87
,2,24,31,42,47,55
,15,18,56,67,72,74
,12,16,29,45,82,85
,17,24,57,64,70,89
,21,37,46,56,65,77
,34,54,77,80,81,87
,3,7,18,47,64,82
,15,30,72,79,86,90
,27,28,33,75,77,78
,10,36,49,53,77,85
,20,23,39,50,62,68
,14,36,39,46,55,59
,8,13,25,50,65,72
18.10.18,16,23,50,73,80,88
20.10.18,4,14,27,38,89,90
23.10.18,6,30,49,56,64,81
25.10.18,10,21,24,26,29,89
27.10.18,3,12,35,51,59,80
30.10.18,6,30,49,56,64,81
03.11.18,23,35,40,79,86,87
05.11.18,8,36,39,40,48,50
06.11.18,4,16,24,42,51,84
08.11.18,11,15,20,27,45,59
10.11.18,9,15,20,46,50,84
13.11.18,7,15,22,31,46,50
15.11.18,6,12,34,36,40,66
17.11.18,3,5,38,53,54,82
20.11.18,3,9,43,48,61,83
22.11.18,15,24,28,34,56,73
24.11.18,30,38,63,68,77,80
27.11.18,6,12,15,30,31,89
29.11.18,6,22,27,36,62,76
01.12.18,7,16,33,54,80,84
04.12.18,6,31,37,47,71,78
06.12.18,10,30,44,45,47,49
10.12.18,7,37,52,73,87,88
11.12.18,6,17,32,38,47,90
13.12.18,7,9,12,21,30,41
15.12.18,5,23,36,42,47,79
18.12.18,39,61,68,69,70,86
20.12.18,11,49,58,71,76,89
22.12.18,4,14,16,51,64,88
24.12.18,12,19,36,42,77,87
27.12.18,36,43,44,49,78,82
29.12.18,24,37,46,49,62,71
03.01.19,1,35,52,56,64,70
05.01.19,46,52,55,68,76,89
08.01.19,23,34,38,54,57,87
07.01.19,3,8,28,45,55,58
10.01.19,2,39,66,76,86,87
12.01.19,16,33,36,62,73,88
15.01.19,8,43,51,56,57,87
17.01.19,21,26,33,35,63,89
19.01.19,1,15,45,48,60,80
22.01.19,3,22,79,82,83,88
24.01.19,3,19,40,49,60,82
26.01.19,17,19,62,72,78,82
29.01.19,6,11,29,65,87,90
31.01.19,4,21,59,63,65,83
02.02.19,37,42,52,80,86,88
05.02.19,11,21,34,46,50,86
07.02.19,9,26,27,49,54,76
09.02.19,5,26,43,52,63,90
12.02.19,14,28,64,69,84,90
14.02.19,4,30,47,76,78,83
16.02.19,10,17,42,59,61,80
19.02.19,15,16,32,63,67,70
21.02.19,11,16,43,59,87,90
23.02.19,5,31,47,60,68,88
26.02.19,13,25,27,52,66,75
28.02.19,2,11,50,55,79,85
02.03.19,19,34,37,40,66,69
05.03.19,3,6,16,36,56,82
07.03.19,8,42,51,62,80,84
09.03.19,9,15,51,70,78,86
12.03.19,13,37,58,66,67,88
14.03.19,27,28,42,63,78,86
16.03.19,49,61,63,77,87,88
19.03.19,12,15,38,43,56,85
21.03.19,27,32,52,59,69,90
23.03.19,21,32,43,63,83,90
26.03.19,14,27,45,47,52,84
28.03.19,43,53,58,68,83,90
30.03.19,1,10,20,28,47,55
02.04.19,19,25,30,32,37,60
04.04.19,7,29,38,49,66,70
06.04.19,41,54,85,87,88,89
09.04.19,1,13,28,33,37,65
11.04.19,5,10,52,60,85,88
13.04.19,16,22,30,40,51,77
16.04.19,15,55,58,62,82,90
18.04.19,7,10,46,47,73,89
20.04.19,5,18,76,87,88,89
23.04.19,19,20,32,51,63,79
27.04.19,6,17,18,42,64,71
29.04.19,8,22,61,65,69,74
30.04.19,13,29,31,51,55,72
02.05.19,1,28,57,75,82,83
04.05.19,4,15,41,52,76,85
07.05.19,5,8,21,49,66,90
09.05.19,3,17,26,38,54,82
11.05.19,9,20,47,58,65,78
14.05.19,37,59,69,75,89,90
16.05.19,11,25,37,67,75,85
18.05.19,31,33,44,57,62,65
21.05.19,20,38,76,82,84,87
23.05.19,2,8,15,32,72,79
25.05.19,33,51,53,59,66,68
28.05.19,8,30,33,58,84,89
30.05.19,16,33,59,65,69,73
01.06.19,17,19,24,46,48,72
04.06.19,15,49,63,79,85,86
06.06.19,2,15,47,54,78,79
08.06.19,15,16,54,64,66,72
11.06.19,16,25,36,46,48,58
13.06.19,11,22,23,26,32,77
15.06.19,4,23,43,47,74,82
18.06.19,13,23,63,67,68,81
20.06.19,25,26,35,42,65,76
22.06.19,35,39,41,69,70,74
25.06.19,14,43,61,62,75,85
27.06.19,33,34,37,50,68,82
29.06.19,6,22,33,45,60,81
02.07.19,13,18,37,48,63,67
04.07.19,40,42,57,64,80,86
06.07.19,6,12,22,25,29,62
09.07.19,1,20,26,54,59,74
11.07.19,15,26,32,48,66,84
13.07.19,3,13,15,36,42,90
18.07.19,12,22,37,40,51,68
16.07.19,30,47,48,60,67,90
03.08.19,6,16,21,27,33,66
01.08.19,20,30,37,52,82,83
30.07.19,6,8,16,42,84,87
27.07.19,13,33,40,61,78,80
25.07.19,7,20,28,36,55,69
06.08.19,20,22,27,43,46,72
08.08.19,6,10,24,63,66,89
10.08.19,10,15,42,57,68,80
13.08.19,7,32,41,59,75,76
17.08.19,8,13,31,37,39,46
19.08.19,17,28,57,66,67,71
20.08.19,20,35,40,41,79,88
22.08.19,1,12,24,42,65,67
24.08.19,20,36,40,42,63,86
27.08.19,4,15,34,37,47,73
29.08.19,21,37,45,53,83,84
31.08.19,31,35,52,59,60,75
03.09.19,18,29,39,58,59,76
05.09.19,7,26,31,34,52,54
07.09.19,9,29,43,66,70,84
10.09.19,15,16,21,49,50,83
12.09.19,12,17,20,62,80,88
14.09.19,1,7,10,40,52,59
17.09.19,9,18,26,43,60,79
19.09.19,38,50,53,56,65,76
21.09.19,31,36,44,47,50,56
24.09.19,7,45,55,60,81,89
26.09.19,17,20,42,44,83,90
28.09.19,37,49,66,75,77,82
01.10.19,11,59,63,73,84,89
03.10.19,4,5,31,35,46,80
05.10.19,20,38,52,58,68,72
08.10.19,25,35,47,70,79,87
10.10.19,9,12,29,42,65,75
15.10.19,5,38,45,54,59,65
12.10.19,5,33,40,45,79,90
17.10.19,10,29,33,55,65,72
19.10.19,15,30,75,76,77,79
22.10.19,9,28,40,77,79,81
24.10.19,18,51,53,57,82,87
26.10.19,8,12,13,14,51,83
29.10.19,21,32,47,61,67,68
31.10.19,35,41,53,60,65,80
05.11.19,32,56,64,65,87,90
02.11.19,10,19,30,68,78,80
07.11.19,4,9,37,48,49,77
09.11.19,1,21,43,51,81,88
12.11.19,14,15,51,55,61,73
14.11.19,33,52,57,72,76,81
16.11.19,7,29,31,58,65,86
19.11.19,19,26,56,74,77,82
21.11.19,23,29,35,50,57,60
23.11.19,12,29,52,61,72,79
26.11.19,21,22,35,63,76,79
28.11.19,7,16,17,50,52,74
30.11.19,2,21,47,52,66,77
03.12.19,4,5,8,22,48,83
05.12.19,16,25,52,59,64,74
07.12.19,11,21,44,67,77,80
10.12.19,4,5,8,22,48,83
12.12.19,16,25,52,59,64,74
14.12.19,8,10,43,52,60,83
17.12.19,4,8,37,44,86,88
19.12.19,3,14,25,43,74,80
21.12.19,9,28,36,50,66,90
23.12.19,17,30,45,56,87,89
24.12.19,44,48,55,67,82,90
28.12.19,3,8,16,28,42,65
31.12.19,17,30,45,56,87,89
02.01.20,5,45,63,64,78,85
04.01.20,23,30,37,44,57,80
07.01.20,2,23,60,66,72,78
09.01.20,5,14,54,55,66,78
11.01.20,34,36,38,63,72,81
14.01.20,1,6,9,32,68,85
16.01.20,22,29,50,53,72,83
18.01.20,26,28,32,50,79,87
21.01.20,6,32,46,53,70,75
23.01.20,15,20,23,69,72,81
25.01.20,11,16,17,35,68,90
28.01.20,16,21,33,50,57,89
30.01.20,8,46,53,62,77,84
01.02.20,22,25,45,46,48,88
04.02.20,21,29,34,64,72,79
06.02.20,3,20,29,49,65,82
13.02.20,4,15,43,69,74,84
11.02.20,16,24,45,68,72,81
08.02.20,15,32,54,56,61,85
15.02.20,13,26,40,55,65,86
18.02.20,26,45,58,69,72,82
20.02.20,20,36,55,69,80,85
22.02.20,1,28,57,58,60,68
25.02.20,10,15,23,54,73,74
27.02.20,17,51,60,71,75,79
29.02.20,9,35,44,50,73,78
03.03.20,5,11,19,26,36,64
05.03.20,13,40,48,67,69,85
07.03.20,11,13,31,41,85,87
10.03.20,8,35,41,43,57,80
12.03.20,19,22,41,46,56,86
14.03.20,1,13,18,47,68,75
19.03.20,7,11,17,28,29,50
17.03.20,17,29,30,49,63,65
21.03.20,5,13,38,39,52,59
05.05.20,39,43,58,73,83,86
07.05.20,22,35,45,52,57,75
09.05.20,34,45,59,66,70,78
12.05.20,21,38,55,60,65,85
14.05.20,12,17,20,54,61,80
16.05.20,2,7,71,78,84,87
19.05.20,26,41,51,62,66,85
21.05.20,3,21,44,69,73,81
23.05.20,5,15,61,75,82,86
26.05.20,10,23,27,46,68,74
28.05.20,16,29,31,73,76,82
01.06.20,9,28,49,65,76,81
30.05.20,3,27,46,52,70,74
06.06.20,4,21,37,45,50,79
04.06.20,5,16,23,30,40,71
09.06.20,8,14,30,58,71,87
11.06.20,1,7,23,47,68,69
13.06.20,4,21,37,45,50,79
16.06.20,1,11,39,59,68,74
18.06.20,4,6,15,35,67,73
20.06.20,16,29,39,55,63,86
23.06.20,40,44,52,59,66,69
09.07.20,1,10,26,40,64,88
07.07.20,16,24,29,53,73,88
04.07.20,33,38,46,59,65,73
02.07.20,12,33,42,56,78,79
30.06.20,6,7,57,61,79,89
11.07.20,33,38,46,59,65,73
14.07.20,17,35,70,71,74,82
16.07.20,35,39,40,64,67,75
18.07.20,6,10,19,20,40,67
21.07.20,4,34,46,54,55,62
23.07.20,35,39,40,64,67,75
25.07.20,18,30,42,70,78,80
28.07.20,23,45,49,71,80,82
30.07.20,10,29,37,49,56,57
01.08.20,4,14,17,18,26,45
04.08.20,5,19,21,25,45,82
06.08.20,21,37,40,46,69,80
08.08.20,6,16,22,55,58,83
11.08.20,7,9,38,68,78,80
13.08.20,4,5,49,57,66,75
17.08.20,5,9,26,62,77,79
18.08.20,13,22,28,58,65,77
20.08.20,7,17,30,39,41,67
22.08.20,7,12,45,47,73,87
25.08.20,15,24,31,70,83,84
27.08.20,7,17,30,39,41,67
29.08.20,1,3,35,42,55,61
01.09.20,15,24,31,70,83,84
03.09.20,37,49,52,53,75,87
05.09.20,7,14,27,56,72,83
08.09.20,23,27,28,31,69,89
10.09.20,46,48,67,78,80,87
12.09.20,6,15,36,42,67,78
15.09.20,2,9,44,47,52,54
17.09.20,9,29,35,47,53,85
19.09.20,6,12,14,27,39,73
22.09.20,4,15,37,48,55,69
24.09.20,10,13,28,77,86,89
26.09.20,4,16,38,70,86,88
29.09.20,25,33,53,76,81,90
01.10.20,7,31,38,52,61,75
03.10.20,5,17,59,61,70,79
06.10.20,8,55,67,73,74,89
08.10.20,8,35,51,60,63,75
10.10.20,12,15,19,24,46,73
13.10.20,47,56,58,60,79,85
15.10.20,29,38,47,61,68,86
17.10.20,24,28,34,55,62,87
20.10.20,24,29,36,43,50,51
22.10.20,1,16,21,36,37,43
24.10.20,17,19,28,41,49,86
27.10.20,19,26,49,53,55,77
29.10.20,9,32,41,43,44,84
31.10.20,22,31,35,40,65,82
03.11.20,18,39,45,48,53,64
05.11.20,5,10,18,24,69,85
07.11.20,1,2,61,69,70,82
10.11.20,13,34,38,41,76,88
12.11.20,13,35,37,58,60,88
14.11.20,3,30,47,67,68,89
17.11.20,13,34,38,41,76,88
19.11.20,6,13,47,49,69,86
21.11.20,6,24,37,55,76,82
24.11.20,9,15,16,23,57,76
26.11.20,2,9,39,52,67,76
28.11.20,12,29,61,81,87,90
01.12.20,21,30,32,62,78,80
03.12.20,22,33,43,48,87,89
07.12.20,1,6,20,25,70,90
05.12.20,26,32,39,40,57,65
10.12.20,1,6,25,42,75,80
12.12.20,11,14,18,59,64,85
15.12.20,10,16,47,51,80,85
17.12.20,5,9,12,14,26,37
19.12.20,36,39,45,50,62,66
22.12.20,15,16,22,46,51,72
24.12.20,22,25,31,79,87,90
28.12.20,8,25,39,54,59,84
29.12.20,15,22,38,51,60,74
31.12.20,7,14,20,66,68,79
02.01.21,35,37,50,75,77,81
05.01.21,12,19,30,60,71,78
07.01.21,15,33,48,49,56,88
09.01.21,14,16,35,47,58,64
12.01.21,5,19,21,33,61,90
14.01.21,24,50,53,54,62,88
16.01.21,9,26,57,66,81,83
19.01.21,2,27,28,38,43,65
21.01.21,15,17,38,40,45,65
23.01.21,3,19,27,35,63,89
26.01.21,34,39,45,51,60,89
28.01.21,18,29,40,44,46,53
30.01.21,27,35,42,48,56,65
02.02.21,28,41,54,67,78,86
04.02.21,5,19,27,35,40,82
06.02.21,36,49,50,61,66,76
09.02.21,7,8,19,33,40,48
11.02.21,5,34,47,60,69,70
13.02.21,36,49,50,61,66,76
16.02.21,9,19,30,52,61,76
18.02.21,28,52,56,62,66,72
20.02.21,36,39,46,58,63,77
23.02.21,9,19,30,52,61,76
25.02.21,13,26,42,71,72,73
27.02.21,10,37,42,69,72,86
02.03.21,7,37,42,57,59,87
04.03.21,13,26,42,71,72,73
06.03.21,4,36,43,61,72,89
09.03.21,8,15,20,52,54,72
11.03.21,2,4,13,45,51,77
13.03.21,4,36,43,61,72,89
16.03.21,28,43,48,65,84,89
18.03.21,9,31,51,68,84,90
20.03.21,28,29,43,59,70,79
23.03.21,28,43,48,65,84,89
25.03.21,11,38,51,58,62,63
27.03.21,16,19,41,72,78,82
30.03.21,2,11,13,45,66,72
01.04.21,15,28,30,52,75,86
03.04.21,16,19,41,72,78,82
06.04.21,10,25,41,58,78,87
08.04.21,22,37,57,62,83,90
10.04.21,9,27,67,80,87,89
13.04.21,7,27,73,77,78,89
15.04.21,19,29,35,49,66,81
17.04.21,9,27,67,80,87,89
20.04.21,1,32,48,58,68,75
22.04.21,12,33,44,71,72,80
24.04.21,10,20,21,29,34,44
27.04.21,41,49,56,58,60,68
29.04.21,14,62,64,66,76,87
03.05.21,15,18,40,43,57,72
04.05.21,6,43,48,60,75,85
06.05.21,14,62,64,66,76,87
08.05.21,37,38,44,45,60,65
11.05.21,6,43,48,60,75,85
13.05.21,5,28,38,55,79,89
15.05.21,15,36,49,59,60,62
18.05.21,23,30,50,59,60,83
20.05.21,4,13,20,51,69,82
22.05.21,15,36,49,59,60,62
25.05.21,10,11,15,19,47,78
27.05.21,27,31,36,39,46,67
29.05.21,1,7,37,43,63,81
01.06.21,9,21,27,41,45,53
03.06.21,17,27,40,72,86,87
05.06.21,53,73,75,83,84,85
08.06.21,2,9,11,72,76,86
10.06.21,27,37,42,44,76,83
12.06.21,2,9,27,54,69,78
15.06.21,10,14,25,43,54,65
19.06.21,1,3,41,55,84,85
17.06.21,20,33,39,42,43,78
22.06.21,30,51,56,59,65,68
24.06.21,20,33,39,42,43,78
